"full_name","timestamp","activity_type","ref"
"hunkim98/dotting","2023-03-08T15:37:08Z","push","refs/heads/main"
"hunkim98/dotting","2023-03-08T15:39:06Z","push","refs/heads/gh-pages"
"hunkim98/dotting","2023-03-09T16:51:40Z","push","refs/heads/main"
"hunkim98/dotting","2023-03-09T16:53:51Z","push","refs/heads/gh-pages"
"hunkim98/dotting","2023-03-11T12:58:46Z","push","refs/heads/main"
"hunkim98/dotting","2023-03-11T13:00:21Z","push","refs/heads/gh-pages"
"hunkim98/dotting","2023-03-11T13:10:48Z","push","refs/heads/main"
"hunkim98/dotting","2023-03-11T13:12:25Z","push","refs/heads/gh-pages"
"hunkim98/dotting","2023-03-11T13:25:29Z","push","refs/heads/main"
"hunkim98/dotting","2023-03-11T13:27:45Z","push","refs/heads/gh-pages"
"hunkim98/dotting","2023-03-11T13:43:47Z","push","refs/heads/main"
"hunkim98/dotting","2023-03-11T13:45:37Z","push","refs/heads/gh-pages"
"hunkim98/dotting","2023-03-11T13:48:16Z","push","refs/heads/main"
"hunkim98/dotting","2023-03-11T13:49:49Z","push","refs/heads/gh-pages"
"hunkim98/dotting","2023-03-11T13:54:07Z","push","refs/heads/main"
"hunkim98/dotting","2023-03-11T13:55:46Z","push","refs/heads/gh-pages"
"hunkim98/dotting","2023-03-12T05:34:05Z","push","refs/heads/main"
"hunkim98/dotting","2023-03-12T05:36:12Z","push","refs/heads/gh-pages"
"hunkim98/dotting","2023-03-13T14:44:51Z","push","refs/heads/main"
"hunkim98/dotting","2023-03-13T14:46:35Z","push","refs/heads/gh-pages"
"hunkim98/dotting","2023-03-13T14:54:20Z","push","refs/heads/main"
"hunkim98/dotting","2023-03-13T14:55:53Z","push","refs/heads/main"
"hunkim98/dotting","2023-03-13T14:56:09Z","push","refs/heads/gh-pages"
"hunkim98/dotting","2023-03-13T14:57:54Z","push","refs/heads/gh-pages"
"hunkim98/dotting","2023-03-13T15:01:31Z","push","refs/heads/main"
"hunkim98/dotting","2023-03-13T15:03:10Z","push","refs/heads/gh-pages"
"hunkim98/dotting","2023-03-13T15:35:40Z","push","refs/heads/main"
"hunkim98/dotting","2023-03-13T15:37:15Z","push","refs/heads/gh-pages"
"hunkim98/dotting","2023-03-13T15:39:13Z","push","refs/heads/main"
"hunkim98/dotting","2023-03-13T15:40:59Z","push","refs/heads/gh-pages"
"hunkim98/dotting","2023-03-13T16:04:52Z","push","refs/heads/main"
"hunkim98/dotting","2023-03-13T16:06:34Z","push","refs/heads/gh-pages"
"hunkim98/dotting","2023-03-13T16:09:08Z","push","refs/heads/main"
"hunkim98/dotting","2023-03-13T16:10:12Z","push","refs/heads/main"
"hunkim98/dotting","2023-03-13T16:10:50Z","push","refs/heads/gh-pages"
"hunkim98/dotting","2023-03-13T16:11:47Z","push","refs/heads/gh-pages"
"hunkim98/dotting","2023-03-14T11:01:03Z","push","refs/heads/main"
"hunkim98/dotting","2023-03-14T11:02:30Z","push","refs/heads/gh-pages"
"hunkim98/dotting","2023-03-14T11:12:47Z","push","refs/heads/gh-pages"
"hunkim98/dotting","2023-03-14T16:19:12Z","push","refs/heads/main"
"hunkim98/dotting","2023-03-14T16:20:58Z","push","refs/heads/gh-pages"
"hunkim98/dotting","2023-03-14T16:55:47Z","push","refs/heads/main"
"hunkim98/dotting","2023-03-14T16:57:28Z","push","refs/heads/gh-pages"
"hunkim98/dotting","2023-03-14T17:15:55Z","push","refs/heads/main"
"hunkim98/dotting","2023-03-14T17:18:13Z","push","refs/heads/gh-pages"
"hunkim98/dotting","2023-03-14T17:19:15Z","push","refs/heads/main"
"hunkim98/dotting","2023-03-14T17:20:20Z","push","refs/heads/main"
"hunkim98/dotting","2023-03-14T17:21:21Z","push","refs/heads/gh-pages"
"hunkim98/dotting","2023-03-14T17:22:03Z","push","refs/heads/gh-pages"
"hunkim98/dotting","2023-03-14T17:24:19Z","push","refs/heads/main"
"hunkim98/dotting","2023-03-14T17:24:49Z","push","refs/heads/main"
"hunkim98/dotting","2023-03-14T17:25:46Z","push","refs/heads/main"
"hunkim98/dotting","2023-03-14T17:26:01Z","push","refs/heads/gh-pages"
"hunkim98/dotting","2023-03-14T17:26:31Z","push","refs/heads/gh-pages"
"hunkim98/dotting","2023-03-14T17:27:35Z","push","refs/heads/gh-pages"
"hunkim98/dotting","2023-03-15T10:14:11Z","push","refs/heads/main"
"hunkim98/dotting","2023-03-15T10:16:11Z","push","refs/heads/gh-pages"
"hunkim98/dotting","2023-03-15T12:01:41Z","push","refs/heads/main"
"hunkim98/dotting","2023-03-15T12:03:19Z","push","refs/heads/gh-pages"
"hunkim98/dotting","2023-03-15T12:04:13Z","push","refs/heads/main"
"hunkim98/dotting","2023-03-15T12:05:46Z","push","refs/heads/main"
"hunkim98/dotting","2023-03-15T12:06:37Z","push","refs/heads/gh-pages"
"hunkim98/dotting","2023-03-15T12:07:27Z","push","refs/heads/gh-pages"
"hunkim98/dotting","2023-03-15T13:51:40Z","push","refs/heads/main"
"hunkim98/dotting","2023-03-15T13:53:59Z","push","refs/heads/main"
"hunkim98/dotting","2023-03-15T13:54:11Z","push","refs/heads/gh-pages"
"hunkim98/dotting","2023-03-15T13:56:23Z","push","refs/heads/gh-pages"
"hunkim98/dotting","2023-03-15T14:24:00Z","push","refs/heads/main"
"hunkim98/dotting","2023-03-15T14:25:45Z","push","refs/heads/gh-pages"
"hunkim98/dotting","2023-03-16T03:12:46Z","push","refs/heads/main"
"hunkim98/dotting","2023-03-16T03:14:25Z","push","refs/heads/gh-pages"
"hunkim98/dotting","2023-03-16T03:15:35Z","push","refs/heads/main"
"hunkim98/dotting","2023-03-16T03:17:17Z","push","refs/heads/gh-pages"
"hunkim98/dotting","2023-03-16T03:31:35Z","push","refs/heads/main"
"hunkim98/dotting","2023-03-16T03:31:55Z","push","refs/heads/main"
"hunkim98/dotting","2023-03-16T03:33:34Z","push","refs/heads/gh-pages"
"hunkim98/dotting","2023-03-16T03:33:56Z","push","refs/heads/gh-pages"
"hunkim98/dotting","2023-03-31T12:56:35Z","push","refs/heads/feature/paintBucketMode"
"hunkim98/dotting","2023-03-31T13:30:34Z","push","refs/heads/feature/paintBucketMode"
"hunkim98/dotting","2023-03-31T13:36:56Z","push","refs/heads/gh-pages"
"hunkim98/dotting","2023-03-31T14:59:16Z","push","refs/heads/main"
"hunkim98/dotting","2023-03-31T15:01:39Z","push","refs/heads/gh-pages"
"hunkim98/dotting","2023-04-02T15:00:27Z","push","refs/heads/gh-pages"
"hunkim98/dotting","2023-04-03T15:43:57Z","push","refs/heads/main"
"hunkim98/dotting","2023-04-03T15:46:11Z","push","refs/heads/gh-pages"
"hunkim98/dotting","2023-04-07T02:20:46Z","push","refs/heads/gh-pages"
"hunkim98/dotting","2023-04-07T09:00:08Z","push","refs/heads/feature/history"
"hunkim98/dotting","2023-04-08T08:27:27Z","push","refs/heads/feature/history"
"hunkim98/dotting","2023-04-08T08:49:29Z","push","refs/heads/feature/cursor-shape"
"hunkim98/dotting","2023-04-08T08:53:42Z","push","refs/heads/gh-pages"
"hunkim98/dotting","2023-04-08T08:56:54Z","push","refs/heads/feature/history"
"hunkim98/dotting","2023-04-08T09:13:06Z","push","refs/heads/feature/history"
"hunkim98/dotting","2023-04-08T09:15:00Z","push","refs/heads/feature/history"
"hunkim98/dotting","2023-04-08T10:13:26Z","push","refs/heads/feature/history"
"hunkim98/dotting","2023-04-08T10:26:27Z","push","refs/heads/feature/history"
"hunkim98/dotting","2023-04-08T12:01:54Z","push","refs/heads/gh-pages"
"hunkim98/dotting","2023-04-08T13:12:50Z","push","refs/heads/main"
"hunkim98/dotting","2023-04-08T13:14:31Z","push","refs/heads/gh-pages"
"hunkim98/dotting","2023-04-09T07:36:44Z","push","refs/heads/feature/update_for_genai"
"hunkim98/dotting","2023-04-09T07:42:09Z","push","refs/heads/main"
"hunkim98/dotting","2023-04-09T07:43:02Z","push","refs/heads/gh-pages"
"hunkim98/dotting","2023-04-09T07:43:52Z","push","refs/heads/gh-pages"
"hunkim98/dotting","2023-04-10T12:31:05Z","push","refs/heads/gh-pages"
"hunkim98/dotting","2023-04-10T12:34:01Z","push","refs/heads/main"
"hunkim98/dotting","2023-04-10T12:35:39Z","push","refs/heads/gh-pages"
"hunkim98/dotting","2023-04-10T14:23:36Z","push","refs/heads/gh-pages"
"hunkim98/dotting","2023-04-10T14:26:28Z","push","refs/heads/main"
"hunkim98/dotting","2023-04-10T14:28:11Z","push","refs/heads/gh-pages"
"hunkim98/dotting","2023-04-10T14:43:25Z","push","refs/heads/main"
"hunkim98/dotting","2023-04-10T14:45:06Z","push","refs/heads/gh-pages"
"hunkim98/dotting","2023-04-10T16:05:34Z","push","refs/heads/main"
"hunkim98/dotting","2023-04-10T16:07:40Z","push","refs/heads/gh-pages"
"hunkim98/dotting","2023-04-22T13:56:07Z","push","refs/heads/feature/extend-grid-interaction"
"hunkim98/dotting","2023-04-22T14:01:32Z","push","refs/heads/feature/extend-grid-interaction"
"hunkim98/dotting","2023-04-22T14:41:57Z","push","refs/heads/feature/extend-grid-interaction"
"hunkim98/dotting","2023-04-23T04:01:35Z","push","refs/heads/feature/extend-grid-interaction"
"hunkim98/dotting","2023-04-24T16:53:28Z","push","refs/heads/feature/layers"
"hunkim98/dotting","2023-04-25T06:00:47Z","push","refs/heads/feature/layers"
"hunkim98/dotting","2023-04-25T13:43:27Z","push","refs/heads/feature/layers"
"hunkim98/dotting","2023-04-25T15:43:24Z","push","refs/heads/feature/layers"
"hunkim98/dotting","2023-04-25T15:45:01Z","push","refs/heads/feature/layers"
"hunkim98/dotting","2023-04-25T15:48:32Z","push","refs/heads/feature/layers"
"hunkim98/dotting","2023-04-26T04:06:35Z","push","refs/heads/feature/layers"
"hunkim98/dotting","2023-04-26T17:54:22Z","push","refs/heads/feature/layers"
"hunkim98/dotting","2023-04-27T17:54:24Z","push","refs/heads/feature/layers"
"hunkim98/dotting","2023-04-28T12:07:02Z","push","refs/heads/feature/layers"
"hunkim98/dotting","2023-04-28T16:00:23Z","push","refs/heads/feature/layers"
"hunkim98/dotting","2023-04-28T16:00:36Z","push","refs/heads/feature/layers"
"hunkim98/dotting","2023-04-28T17:57:53Z","push","refs/heads/feature/layers"
"hunkim98/dotting","2023-04-29T06:13:35Z","push","refs/heads/feature/layers"
"hunkim98/dotting","2023-04-29T06:14:01Z","push","refs/heads/feature/layers"
"hunkim98/dotting","2023-04-29T07:06:52Z","push","refs/heads/feature/layers"
"hunkim98/dotting","2023-04-29T15:56:45Z","push","refs/heads/feature/layers"
"hunkim98/dotting","2023-05-01T15:06:54Z","push","refs/heads/feature/layers"
"hunkim98/dotting","2023-05-04T12:28:24Z","push","refs/heads/main"
"hunkim98/dotting","2023-05-04T12:30:16Z","push","refs/heads/gh-pages"
"hunkim98/dotting","2023-05-04T15:38:52Z","push","refs/heads/framework/husky-setup"
"hunkim98/dotting","2023-05-04T15:46:18Z","push","refs/heads/framework/husky-setup"
"hunkim98/dotting","2023-05-06T14:24:18Z","push","refs/heads/gh-pages"
"hunkim98/dotting","2023-05-08T11:32:38Z","push","refs/heads/feature/extend-grid"
"hunkim98/dotting","2023-05-08T11:34:45Z","push","refs/heads/gh-pages"
"hunkim98/dotting","2023-05-08T14:19:50Z","push","refs/heads/main"
"hunkim98/dotting","2023-05-08T14:22:14Z","push","refs/heads/gh-pages"
"hunkim98/dotting","2023-05-08T14:38:58Z","push","refs/heads/feature/selectTool"
"hunkim98/dotting","2023-05-08T14:43:56Z","push","refs/heads/feature/selectTool"
"hunkim98/dotting","2023-05-11T16:57:18Z","push","refs/heads/feature/selectTool"
"hunkim98/dotting","2023-05-11T17:02:54Z","push","refs/heads/gh-pages"
"hunkim98/dotting","2023-05-12T03:15:03Z","push","refs/heads/feature/selectTool2"
"hunkim98/dotting","2023-05-12T03:32:49Z","push","refs/heads/feature/selectTool2"
"hunkim98/dotting","2023-05-12T03:37:35Z","push","refs/heads/feature/selectTool2"
"hunkim98/dotting","2023-05-12T05:06:29Z","push","refs/heads/main"
"hunkim98/dotting","2023-05-12T05:08:43Z","push","refs/heads/gh-pages"
"hunkim98/dotting","2023-05-12T11:39:27Z","push","refs/heads/feature/cursor-style"
"hunkim98/dotting","2023-05-13T03:28:41Z","push","refs/heads/feature/selectTool2"
"hunkim98/dotting","2023-05-13T03:51:54Z","push","refs/heads/main"
"hunkim98/dotting","2023-05-13T03:53:39Z","push","refs/heads/gh-pages"
"hunkim98/dotting","2023-05-13T04:03:25Z","push","refs/heads/main"
"hunkim98/dotting","2023-05-13T04:05:10Z","push","refs/heads/gh-pages"
"hunkim98/dotting","2023-05-13T04:14:26Z","push","refs/heads/main"
"hunkim98/dotting","2023-05-13T04:16:10Z","push","refs/heads/gh-pages"
"hunkim98/dotting","2023-05-13T04:16:40Z","push","refs/heads/main"
"hunkim98/dotting","2023-05-13T04:18:28Z","push","refs/heads/gh-pages"
"hunkim98/dotting","2023-05-13T04:22:19Z","push","refs/heads/main"
"hunkim98/dotting","2023-05-13T04:23:59Z","push","refs/heads/gh-pages"
"hunkim98/dotting","2023-05-13T04:30:32Z","push","refs/heads/main"
"hunkim98/dotting","2023-05-13T04:32:17Z","push","refs/heads/gh-pages"
"hunkim98/dotting","2023-05-13T04:36:47Z","push","refs/heads/main"
"hunkim98/dotting","2023-05-13T04:38:39Z","push","refs/heads/gh-pages"
"hunkim98/dotting","2023-05-13T04:44:41Z","push","refs/heads/main"
"hunkim98/dotting","2023-05-13T04:46:27Z","push","refs/heads/gh-pages"
"hunkim98/dotting","2023-05-13T05:50:58Z","push","refs/heads/main"
"hunkim98/dotting","2023-05-13T05:52:42Z","push","refs/heads/gh-pages"
"hunkim98/dotting","2023-05-13T05:57:23Z","push","refs/heads/main"
"hunkim98/dotting","2023-05-13T05:59:53Z","push","refs/heads/gh-pages"
"hunkim98/dotting","2023-05-13T06:08:04Z","push","refs/heads/main"
"hunkim98/dotting","2023-05-13T06:09:51Z","push","refs/heads/gh-pages"
"hunkim98/dotting","2023-05-13T06:17:22Z","push","refs/heads/main"
"hunkim98/dotting","2023-05-13T06:19:52Z","push","refs/heads/gh-pages"
"hunkim98/dotting","2023-05-13T06:20:09Z","push","refs/heads/main"
"hunkim98/dotting","2023-05-13T06:22:15Z","push","refs/heads/gh-pages"
"hunkim98/dotting","2023-05-13T06:28:34Z","push","refs/heads/main"
"hunkim98/dotting","2023-05-13T06:30:18Z","push","refs/heads/gh-pages"
"hunkim98/dotting","2023-05-13T06:33:27Z","push","refs/heads/main"
"hunkim98/dotting","2023-05-13T06:35:48Z","push","refs/heads/gh-pages"
"hunkim98/dotting","2023-05-13T06:38:46Z","push","refs/heads/main"
"hunkim98/dotting","2023-05-13T06:40:36Z","push","refs/heads/gh-pages"
"hunkim98/dotting","2023-05-13T06:42:21Z","push","refs/heads/main"
"hunkim98/dotting","2023-05-13T06:42:57Z","push","refs/heads/main"
"hunkim98/dotting","2023-05-13T06:44:12Z","push","refs/heads/gh-pages"
"hunkim98/dotting","2023-05-13T06:45:28Z","push","refs/heads/gh-pages"
"hunkim98/dotting","2023-05-13T06:50:21Z","push","refs/heads/gh-pages"
"hunkim98/dotting","2023-05-13T13:27:57Z","push","refs/heads/feature/selectTool2"
"hunkim98/dotting","2023-05-13T16:04:45Z","push","refs/heads/feature/selectTool2"
"hunkim98/dotting","2023-05-13T18:24:43Z","push","refs/heads/feature/cursor-style"
"hunkim98/dotting","2023-05-14T03:03:50Z","push","refs/heads/feature/storiesUpdate"
"hunkim98/dotting","2023-05-14T07:27:01Z","push","refs/heads/feature/cursor-style"
"hunkim98/dotting","2023-05-14T07:44:30Z","push","refs/heads/gh-pages"
"hunkim98/dotting","2023-05-14T08:07:38Z","push","refs/heads/feature/selectTool2"
"hunkim98/dotting","2023-05-14T08:16:39Z","push","refs/heads/feature/selectTool2"
"hunkim98/dotting","2023-05-14T08:20:43Z","push","refs/heads/gh-pages"
"hunkim98/dotting","2023-05-15T14:02:57Z","push","refs/heads/main"
"hunkim98/dotting","2023-05-15T14:05:18Z","push","refs/heads/gh-pages"
"hunkim98/dotting","2023-05-15T14:09:36Z","push","refs/heads/main"
"hunkim98/dotting","2023-05-15T14:10:32Z","push","refs/heads/gh-pages"
"hunkim98/dotting","2023-05-15T14:11:26Z","push","refs/heads/gh-pages"
"hunkim98/dotting","2023-05-16T14:53:18Z","push","refs/heads/gh-pages"
"hunkim98/dotting","2023-05-16T15:16:45Z","push","refs/heads/main"
"hunkim98/dotting","2023-05-16T15:18:29Z","push","refs/heads/gh-pages"
"hunkim98/dotting","2023-05-21T07:26:52Z","push","refs/heads/main"
"hunkim98/dotting","2023-05-21T07:29:18Z","push","refs/heads/gh-pages"
"hunkim98/dotting","2023-05-21T07:51:34Z","push","refs/heads/main"
"hunkim98/dotting","2023-05-21T07:53:23Z","push","refs/heads/gh-pages"
"hunkim98/dotting","2023-05-23T15:57:26Z","push","refs/heads/improvement/drawing-method"
"hunkim98/dotting","2023-05-26T14:33:59Z","push","refs/heads/improvement/drawing-method"
"hunkim98/dotting","2023-05-26T14:41:24Z","push","refs/heads/improvement/drawing-method"
"hunkim98/dotting","2023-05-27T00:48:41Z","push","refs/heads/improvement/drawing-method"
"hunkim98/dotting","2023-05-27T04:10:15Z","push","refs/heads/main"
"hunkim98/dotting","2023-05-27T04:12:35Z","push","refs/heads/gh-pages"
"hunkim98/dotting","2023-05-27T04:33:08Z","push","refs/heads/main"
"hunkim98/dotting","2023-05-27T04:35:10Z","push","refs/heads/gh-pages"
"hunkim98/dotting","2023-05-27T05:36:05Z","push","refs/heads/main"
"hunkim98/dotting","2023-05-27T05:38:27Z","push","refs/heads/gh-pages"
"hunkim98/dotting","2023-05-27T06:45:53Z","push","refs/heads/main"
"hunkim98/dotting","2023-05-27T06:48:14Z","push","refs/heads/gh-pages"
"hunkim98/dotting","2023-05-27T07:29:31Z","push","refs/heads/preview"
"hunkim98/dotting","2023-05-27T09:23:23Z","push","refs/heads/preview"
"hunkim98/dotting","2023-05-27T09:23:33Z","push","refs/heads/gh-pages"
"hunkim98/dotting","2023-05-30T04:59:55Z","push","refs/heads/feature/improveExtend"
"hunkim98/dotting","2023-05-30T05:09:11Z","push","refs/heads/preview"
"hunkim98/dotting","2023-06-02T02:29:42Z","push","refs/heads/feature/improveExtend"
"hunkim98/dotting","2023-06-02T02:31:34Z","push","refs/heads/preview"
"hunkim98/dotting","2023-06-03T00:33:58Z","push","refs/heads/gh-pages"
"hunkim98/dotting","2023-06-03T00:34:13Z","push","refs/heads/preview"
"hunkim98/dotting","2023-06-05T15:27:39Z","push","refs/heads/main"
"hunkim98/dotting","2023-06-05T15:30:02Z","push","refs/heads/gh-pages"
"hunkim98/dotting","2023-06-13T15:09:32Z","push","refs/heads/preview"
"hunkim98/dotting","2023-06-15T13:41:03Z","push","refs/heads/preview"
"hunkim98/dotting","2023-06-15T13:51:20Z","push","refs/heads/feature/extend-grid-diagonal"
"hunkim98/dotting","2023-06-15T13:53:39Z","push","refs/heads/preview"
"hunkim98/dotting","2023-06-19T12:53:09Z","push","refs/heads/feature/extend-grid-diagonal"
"hunkim98/dotting","2023-06-19T12:55:44Z","push","refs/heads/preview"
"hunkim98/dotting","2023-06-19T12:59:13Z","push","refs/heads/gh-pages"
"hunkim98/dotting","2023-06-19T12:59:19Z","push","refs/heads/preview"
"hunkim98/dotting","2023-06-29T09:22:22Z","push","refs/heads/feature/selectSizeChange"
"hunkim98/dotting","2023-07-01T09:15:49Z","push","refs/heads/feature/selectSizeChange"
"hunkim98/dotting","2023-07-01T12:42:55Z","push","refs/heads/feature/selectSizeChange"
"hunkim98/dotting","2023-07-02T02:14:15Z","push","refs/heads/feature/selectSizeChange"
"hunkim98/dotting","2023-07-03T07:32:53Z","push","refs/heads/feature/selectSizeChange"
"hunkim98/dotting","2023-07-03T08:00:37Z","push","refs/heads/feature/selectSizeChange"
"hunkim98/dotting","2023-07-03T08:07:30Z","push","refs/heads/feature/selectSizeChange"
"hunkim98/dotting","2023-07-04T06:09:36Z","push","refs/heads/feature/selectSizeChange"
"hunkim98/dotting","2023-07-04T16:23:59Z","push","refs/heads/feature/selectSizeChange"
"hunkim98/dotting","2023-07-05T06:31:52Z","push","refs/heads/feature/selectSizeChange"
"hunkim98/dotting","2023-07-07T01:50:57Z","push","refs/heads/feature/selectSizeChange"
"hunkim98/dotting","2023-07-07T02:01:43Z","push","refs/heads/feature/selectSizeChange"
"hunkim98/dotting","2023-07-07T02:23:48Z","push","refs/heads/feature/selectSizeChange"
"hunkim98/dotting","2023-07-07T07:14:50Z","push","refs/heads/feature/selectSizeChange"
"hunkim98/dotting","2023-07-07T08:26:37Z","push","refs/heads/feature/selectSizeChange"
"hunkim98/dotting","2023-07-07T23:56:24Z","push","refs/heads/feature/selectSizeChange"
"hunkim98/dotting","2023-07-08T00:24:33Z","push","refs/heads/preview"
"hunkim98/dotting","2023-07-08T07:36:59Z","push","refs/heads/feature/selectSizeChange"
"hunkim98/dotting","2023-07-08T07:38:42Z","push","refs/heads/preview"
"hunkim98/dotting","2023-07-09T03:04:39Z","push","refs/heads/feature/selectSizeChange"
"hunkim98/dotting","2023-07-09T03:06:23Z","push","refs/heads/preview"
"hunkim98/dotting","2023-07-11T08:29:10Z","push","refs/heads/preview"
"hunkim98/dotting","2023-07-15T13:14:01Z","push","refs/heads/feature/offsetChange"
"hunkim98/dotting","2023-07-15T13:15:49Z","push","refs/heads/preview"
"hunkim98/dotting","2023-07-15T13:24:10Z","push","refs/heads/feature/selectSizeChange"
"hunkim98/dotting","2023-07-15T13:26:01Z","push","refs/heads/preview"
"hunkim98/dotting","2023-07-15T13:26:29Z","push","refs/heads/feature/selectSizeChange"
"hunkim98/dotting","2023-07-15T13:28:42Z","push","refs/heads/preview"
"hunkim98/dotting","2023-07-15T13:31:23Z","push","refs/heads/preview"
"hunkim98/dotting","2023-07-15T13:33:48Z","push","refs/heads/preview"
"hunkim98/dotting","2023-07-15T13:34:11Z","push","refs/heads/gh-pages"
"hunkim98/dotting","2023-07-15T13:36:02Z","push","refs/heads/preview"
"hunkim98/dotting","2023-07-15T13:38:19Z","push","refs/heads/preview"
"hunkim98/dotting","2023-07-15T13:38:26Z","push","refs/heads/gh-pages"
"hunkim98/dotting","2023-07-15T13:47:51Z","push","refs/heads/main"
"hunkim98/dotting","2023-07-15T13:50:21Z","push","refs/heads/gh-pages"
"hunkim98/dotting","2023-07-23T01:27:16Z","push","refs/heads/fix/event"
"hunkim98/dotting","2023-07-23T01:55:00Z","push","refs/heads/fix/event"
"hunkim98/dotting","2023-07-23T02:02:30Z","push","refs/heads/fix/event"
"hunkim98/dotting","2023-07-23T08:04:19Z","push","refs/heads/fix/event"
"hunkim98/dotting","2023-07-23T08:05:00Z","push","refs/heads/fix/event"
"hunkim98/dotting","2023-07-23T08:18:15Z","push","refs/heads/preview"
"hunkim98/dotting","2023-07-27T06:54:44Z","push","refs/heads/fix/event"
"hunkim98/dotting","2023-07-27T06:57:11Z","push","refs/heads/preview"
"hunkim98/dotting","2023-07-29T03:13:59Z","push","refs/heads/preview"
"hunkim98/dotting","2023-07-29T03:14:27Z","push","refs/heads/gh-pages"
"hunkim98/dotting","2023-07-29T05:43:25Z","push","refs/heads/main"
"hunkim98/dotting","2023-07-29T05:45:50Z","push","refs/heads/gh-pages"
"hunkim98/dotting","2023-07-31T15:01:43Z","push","refs/heads/feature/layer"
"hunkim98/dotting","2023-08-04T08:59:18Z","push","refs/heads/feature/layer"
"hunkim98/dotting","2023-08-04T16:16:41Z","push","refs/heads/feature/layer"
"hunkim98/dotting","2023-08-05T07:00:43Z","push","refs/heads/feature/layer"
"hunkim98/dotting","2023-08-05T08:12:07Z","push","refs/heads/feature/layer"
"hunkim98/dotting","2023-08-05T08:13:37Z","push","refs/heads/feature/layer"
"hunkim98/dotting","2023-08-05T08:19:44Z","push","refs/heads/feature/layer"
"hunkim98/dotting","2023-08-05T08:39:11Z","push","refs/heads/preview"
"hunkim98/dotting","2023-08-06T08:50:25Z","push","refs/heads/feature/layer"
"hunkim98/dotting","2023-08-06T08:52:17Z","push","refs/heads/preview"
"hunkim98/dotting","2023-08-14T12:53:41Z","push","refs/heads/feature/style+props"
"hunkim98/dotting","2023-08-14T13:11:55Z","push","refs/heads/preview"
"hunkim98/dotting","2023-08-14T13:13:28Z","push","refs/heads/feature/style+props"
"hunkim98/dotting","2023-08-14T13:15:25Z","push","refs/heads/preview"
"hunkim98/dotting","2023-08-15T07:07:55Z","push","refs/heads/preview"
"hunkim98/dotting","2023-08-15T07:08:19Z","push","refs/heads/gh-pages"
"hunkim98/dotting","2023-08-15T07:09:30Z","push","refs/heads/preview"
"hunkim98/dotting","2023-08-21T04:24:36Z","push","refs/heads/feature/style+props"
"hunkim98/dotting","2023-08-21T04:27:11Z","push","refs/heads/preview"
"hunkim98/dotting","2023-08-21T07:10:33Z","push","refs/heads/preview"
"hunkim98/dotting","2023-08-21T07:12:55Z","push","refs/heads/gh-pages"
"hunkim98/dotting","2023-08-21T11:31:44Z","push","refs/heads/main"
"hunkim98/dotting","2023-08-21T11:35:43Z","push","refs/heads/gh-pages"
"hunkim98/dotting","2023-08-24T22:59:39Z","push","refs/heads/preview"
"hunkim98/dotting","2023-08-25T07:21:32Z","push","refs/heads/preview"
"hunkim98/dotting","2023-08-25T07:21:58Z","push","refs/heads/gh-pages"
"hunkim98/dotting","2023-08-27T13:18:04Z","push","refs/heads/main"
"hunkim98/dotting","2023-08-27T13:20:12Z","push","refs/heads/gh-pages"
"hunkim98/dotting","2023-09-02T02:44:21Z","push","refs/heads/main"
"hunkim98/dotting","2023-09-02T02:46:09Z","push","refs/heads/gh-pages"
"hunkim98/dotting","2023-09-02T11:32:58Z","push","refs/heads/feature/delta"
"hunkim98/dotting","2023-09-02T13:07:49Z","push","refs/heads/feature/delta"
"hunkim98/dotting","2023-09-02T14:00:22Z","push","refs/heads/feature/delta"
"hunkim98/dotting","2023-09-02T14:21:25Z","push","refs/heads/preview"
"hunkim98/dotting","2023-09-02T14:25:40Z","push","refs/heads/feature/delta"
"hunkim98/dotting","2023-09-02T14:27:54Z","push","refs/heads/preview"
"hunkim98/dotting","2023-09-02T15:25:04Z","push","refs/heads/feature/delta"
"hunkim98/dotting","2023-09-02T15:27:00Z","push","refs/heads/preview"
"hunkim98/dotting","2023-09-03T13:23:46Z","push","refs/heads/feature/delta"
"hunkim98/dotting","2023-09-03T13:25:41Z","push","refs/heads/preview"
"hunkim98/dotting","2023-09-04T12:51:16Z","push","refs/heads/feature/delta"
"hunkim98/dotting","2023-09-04T12:53:16Z","push","refs/heads/preview"
"hunkim98/dotting","2023-09-09T01:44:59Z","push","refs/heads/feature/delta"
"hunkim98/dotting","2023-09-09T01:47:06Z","push","refs/heads/preview"
"hunkim98/dotting","2023-09-09T06:21:41Z","push","refs/heads/preview"
"hunkim98/dotting","2023-09-09T06:21:44Z","push","refs/heads/gh-pages"
"hunkim98/dotting","2023-09-09T06:38:32Z","push","refs/heads/main"
"hunkim98/dotting","2023-09-09T06:40:32Z","push","refs/heads/gh-pages"
"hunkim98/dotting","2023-09-09T06:40:43Z","push","refs/heads/main"
"hunkim98/dotting","2023-09-09T06:42:49Z","push","refs/heads/gh-pages"
"hunkim98/dotting","2023-09-10T07:46:58Z","push","refs/heads/main"
"hunkim98/dotting","2023-09-10T07:48:49Z","push","refs/heads/gh-pages"
"hunkim98/dotting","2023-09-25T12:27:53Z","push","refs/heads/main"
"hunkim98/dotting","2023-09-25T12:30:18Z","push","refs/heads/main"
"hunkim98/dotting","2023-09-25T12:30:30Z","push","refs/heads/gh-pages"
"hunkim98/dotting","2023-09-25T12:32:30Z","push","refs/heads/gh-pages"
"hunkim98/dotting","2023-09-26T06:34:01Z","push","refs/heads/preview"
"hunkim98/dotting","2023-09-27T05:34:07Z","push","refs/heads/preview"
"hunkim98/dotting","2023-09-27T05:34:07Z","push","refs/heads/gh-pages"
"hunkim98/dotting","2023-09-27T07:09:19Z","push","refs/heads/preview"
"hunkim98/dotting","2023-09-27T07:11:33Z","push","refs/heads/fix/delta"
"hunkim98/dotting","2023-09-27T07:13:34Z","push","refs/heads/preview"
"hunkim98/dotting","2023-09-27T07:59:14Z","push","refs/heads/main"
"hunkim98/dotting","2023-09-27T07:59:29Z","push","refs/heads/gh-pages"
"hunkim98/dotting","2023-09-27T07:59:50Z","push","refs/heads/preview"
"hunkim98/dotting","2023-09-27T08:01:11Z","push","refs/heads/gh-pages"
"hunkim98/dotting","2023-09-28T14:28:31Z","push","refs/heads/preview"
"hunkim98/dotting","2023-09-28T17:03:17Z","push","refs/heads/preview"
"hunkim98/dotting","2023-09-30T04:58:15Z","push","refs/heads/preview"
"hunkim98/dotting","2023-09-30T04:58:34Z","push","refs/heads/gh-pages"
"hunkim98/dotting","2023-09-30T05:00:21Z","push","refs/heads/preview"
"hunkim98/dotting","2023-09-30T05:03:09Z","push","refs/heads/gh-pages"
"hunkim98/dotting","2023-09-30T05:03:41Z","push","refs/heads/preview"
"hunkim98/dotting","2023-09-30T05:04:21Z","push","refs/heads/main"
"hunkim98/dotting","2023-09-30T05:06:24Z","push","refs/heads/gh-pages"
"hunkim98/dotting","2023-09-30T05:47:57Z","push","refs/heads/main"
"hunkim98/dotting","2023-09-30T05:49:57Z","push","refs/heads/gh-pages"
"hunkim98/dotting","2023-09-30T06:20:53Z","push","refs/heads/main"
"hunkim98/dotting","2023-09-30T06:23:01Z","push","refs/heads/gh-pages"
"hunkim98/dotting","2023-09-30T12:11:12Z","push","refs/heads/feature/setLayer"
"hunkim98/dotting","2023-09-30T13:36:02Z","push","refs/heads/feature/setLayer"
"hunkim98/dotting","2023-09-30T13:44:30Z","push","refs/heads/preview"
"hunkim98/dotting","2023-10-01T06:57:18Z","push","refs/heads/gh-pages"
"hunkim98/dotting","2023-10-01T06:57:19Z","push","refs/heads/preview"
"hunkim98/dotting","2023-10-01T13:58:38Z","push","refs/heads/main"
"hunkim98/dotting","2023-10-01T13:59:30Z","push","refs/heads/main"
"hunkim98/dotting","2023-10-01T14:01:02Z","push","refs/heads/gh-pages"
"hunkim98/dotting","2023-10-01T14:01:50Z","push","refs/heads/gh-pages"
"hunkim98/dotting","2023-10-07T12:43:19Z","push","refs/heads/preview"
"hunkim98/dotting","2023-10-07T12:44:35Z","push","refs/heads/main"
"hunkim98/dotting","2023-10-07T12:46:36Z","push","refs/heads/gh-pages"
"hunkim98/dotting","2023-10-07T13:31:02Z","push","refs/heads/main"
"hunkim98/dotting","2023-10-07T13:33:23Z","push","refs/heads/gh-pages"
"hunkim98/dotting","2023-10-07T13:45:31Z","push","refs/heads/preview"
"hunkim98/dotting","2023-10-07T13:45:50Z","push","refs/heads/feature/svg"
"hunkim98/dotting","2023-10-07T13:48:21Z","push","refs/heads/preview"
"hunkim98/dotting","2023-10-09T06:17:57Z","push","refs/heads/preview"
"hunkim98/dotting","2023-10-09T06:25:41Z","push","refs/heads/preview"
"hunkim98/dotting","2023-10-09T06:26:22Z","push","refs/heads/gh-pages"
"hunkim98/dotting","2023-10-09T06:35:39Z","push","refs/heads/preview"
"hunkim98/dotting","2023-10-12T08:55:46Z","push","refs/heads/feature/exposeMouseEvent"
"hunkim98/dotting","2023-10-12T12:08:51Z","push","refs/heads/feature/exposeMouseEvent"
"hunkim98/dotting","2023-10-12T12:18:57Z","push","refs/heads/preview"
"hunkim98/dotting","2023-10-12T12:39:40Z","push","refs/heads/gh-pages"
"hunkim98/dotting","2023-10-12T12:39:42Z","push","refs/heads/preview"
"hunkim98/dotting","2023-10-12T12:40:05Z","push","refs/heads/preview"
"hunkim98/dotting","2023-10-15T13:13:46Z","push","refs/heads/gh-pages"
"hunkim98/dotting","2023-10-15T13:15:42Z","push","refs/heads/gh-pages"
"hunkim98/dotting","2023-10-15T13:21:39Z","push","refs/heads/main"
"hunkim98/dotting","2023-10-15T13:24:01Z","push","refs/heads/gh-pages"
"hunkim98/dotting","2023-10-15T13:24:06Z","push","refs/heads/preview"
"hunkim98/dotting","2023-10-15T13:27:47Z","push","refs/heads/gh-pages"
"hunkim98/dotting","2023-10-15T13:27:48Z","push","refs/heads/preview"
"hunkim98/dotting","2023-10-15T13:42:03Z","push","refs/heads/main"
"hunkim98/dotting","2023-10-15T13:43:58Z","push","refs/heads/gh-pages"
"hunkim98/dotting","2023-10-15T13:44:39Z","push","refs/heads/main"
"hunkim98/dotting","2023-10-15T13:47:00Z","push","refs/heads/gh-pages"
"hunkim98/dotting","2023-10-16T14:41:22Z","push","refs/heads/main"
"hunkim98/dotting","2023-10-16T14:43:18Z","push","refs/heads/gh-pages"
"hunkim98/dotting","2023-10-18T13:03:49Z","push","refs/heads/feature/dynamicZoom"
"hunkim98/dotting","2023-10-18T13:19:25Z","push","refs/heads/feature/dynamicZoom"
"hunkim98/dotting","2023-10-18T13:20:19Z","push","refs/heads/feature/dynamicZoom"
"hunkim98/dotting","2023-10-18T13:20:52Z","push","refs/heads/preview"
"hunkim98/dotting","2023-10-18T13:23:14Z","push","refs/heads/preview"
"hunkim98/dotting","2023-10-20T16:43:58Z","push","refs/heads/feature/frontBackCanvas"
"hunkim98/dotting","2023-10-20T16:44:20Z","push","refs/heads/preview"
"hunkim98/dotting","2023-10-20T16:46:09Z","push","refs/heads/preview"
"hunkim98/dotting","2023-10-21T04:00:52Z","push","refs/heads/feature/frontBackCanvas"
"hunkim98/dotting","2023-10-21T04:02:41Z","push","refs/heads/preview"
"hunkim98/dotting","2023-10-21T04:20:56Z","push","refs/heads/preview"
"hunkim98/dotting","2023-10-21T15:12:18Z","push","refs/heads/feature/frontBackCanvas"
"hunkim98/dotting","2023-10-21T15:16:36Z","push","refs/heads/feature/frontBackCanvas"
"hunkim98/dotting","2023-10-21T15:17:44Z","push","refs/heads/feature/frontBackCanvas"
"hunkim98/dotting","2023-10-21T15:21:48Z","push","refs/heads/feature/frontBackCanvas"
"hunkim98/dotting","2023-10-21T15:23:52Z","push","refs/heads/preview"
"hunkim98/dotting","2023-10-21T15:26:29Z","push","refs/heads/preview"
"hunkim98/dotting","2023-10-22T11:01:50Z","push","refs/heads/preview"
"hunkim98/dotting","2023-10-22T11:02:12Z","push","refs/heads/gh-pages"
"hunkim98/dotting","2023-10-22T11:02:46Z","push","refs/heads/preview"
"hunkim98/dotting","2023-10-22T16:02:53Z","push","refs/heads/feature/optimizePanZoom"
"hunkim98/dotting","2023-10-23T10:45:18Z","push","refs/heads/feature/optimizePanZoom"
"hunkim98/dotting","2023-10-23T10:51:28Z","push","refs/heads/feature/optimizePanZoom"
"hunkim98/dotting","2023-10-23T11:00:48Z","push","refs/heads/preview"
"hunkim98/dotting","2023-10-29T05:44:37Z","push","refs/heads/preview"
"hunkim98/dotting","2023-10-29T05:44:59Z","push","refs/heads/gh-pages"
"hunkim98/dotting","2023-10-29T05:45:58Z","push","refs/heads/preview"
"hunkim98/dotting","2023-10-31T07:15:07Z","push","refs/heads/main"
"hunkim98/dotting","2023-10-31T07:16:59Z","push","refs/heads/gh-pages"
"hunkim98/dotting","2023-10-31T07:17:26Z","push","refs/heads/preview"
"hunkim98/dotting","2023-10-31T08:04:52Z","push","refs/heads/main"
"hunkim98/dotting","2023-10-31T08:07:24Z","push","refs/heads/gh-pages"
"hunkim98/dotting","2023-10-31T08:33:20Z","push","refs/heads/main"
"hunkim98/dotting","2023-10-31T08:35:35Z","push","refs/heads/gh-pages"
"hunkim98/dotting","2023-10-31T08:37:50Z","push","refs/heads/preview"
"hunkim98/dotting","2023-11-05T07:33:47Z","push","refs/heads/feature/optimizePanZoom"
"hunkim98/dotting","2023-11-05T07:35:32Z","push","refs/heads/preview"
"hunkim98/dotting","2023-11-05T07:37:44Z","push","refs/heads/preview"
"hunkim98/dotting","2023-11-05T12:04:04Z","push","refs/heads/feature/optimizePanZoom"
"hunkim98/dotting","2023-11-05T12:06:38Z","push","refs/heads/preview"
"hunkim98/dotting","2023-11-05T12:08:33Z","push","refs/heads/preview"
"hunkim98/dotting","2023-11-05T12:09:57Z","push","refs/heads/feature/optimizePanZoom"
"hunkim98/dotting","2023-11-05T12:11:52Z","push","refs/heads/preview"
"hunkim98/dotting","2023-11-11T13:19:23Z","push","refs/heads/feature/optimizePanZoom"
"hunkim98/dotting","2023-11-11T13:21:15Z","push","refs/heads/preview"
"hunkim98/dotting","2023-11-11T13:45:08Z","push","refs/heads/feature/optimizePanZoom"
"hunkim98/dotting","2023-11-11T13:46:33Z","push","refs/heads/preview"
"hunkim98/dotting","2023-11-11T13:54:45Z","push","refs/heads/feature/optimizePanZoom"
"hunkim98/dotting","2023-11-11T13:56:59Z","push","refs/heads/preview"
"hunkim98/dotting","2023-11-11T14:03:58Z","push","refs/heads/feature/optimizePanZoom"
"hunkim98/dotting","2023-11-11T14:06:29Z","push","refs/heads/preview"
"hunkim98/dotting","2023-11-11T14:08:53Z","push","refs/heads/preview"
"hunkim98/dotting","2023-11-11T14:09:03Z","push","refs/heads/gh-pages"
"hunkim98/dotting","2023-11-11T14:09:28Z","push","refs/heads/main"
"hunkim98/dotting","2023-11-11T14:09:52Z","push","refs/heads/gh-pages"
"hunkim98/dotting","2023-11-11T14:11:25Z","push","refs/heads/gh-pages"
"hunkim98/dotting","2023-11-11T14:15:40Z","push","refs/heads/main"
"hunkim98/dotting","2023-11-11T14:17:07Z","push","refs/heads/gh-pages"
"hunkim98/dotting","2023-11-11T14:32:02Z","push","refs/heads/main"
"hunkim98/dotting","2023-11-11T14:33:55Z","push","refs/heads/gh-pages"
"hunkim98/dotting","2023-11-12T11:09:22Z","push","refs/heads/main"
"hunkim98/dotting","2023-11-12T11:10:47Z","push","refs/heads/gh-pages"
"hunkim98/dotting","2023-11-12T11:13:12Z","push","refs/heads/main"
"hunkim98/dotting","2023-11-12T11:14:40Z","push","refs/heads/gh-pages"
"hunkim98/dotting","2023-12-01T11:16:28Z","push","refs/heads/main"
"hunkim98/dotting","2023-12-01T11:17:31Z","push","refs/heads/main"
"hunkim98/dotting","2023-12-01T11:18:02Z","push","refs/heads/gh-pages"
"hunkim98/dotting","2023-12-01T11:19:05Z","push","refs/heads/gh-pages"
"hunkim98/dotting","2023-12-10T01:59:03Z","push","refs/heads/main"
"hunkim98/dotting","2023-12-10T02:00:35Z","push","refs/heads/gh-pages"
"hunkim98/dotting","2024-01-19T15:21:26Z","push","refs/heads/feature/misc"
"hunkim98/dotting","2024-01-19T16:02:27Z","push","refs/heads/feature/misc"
"hunkim98/dotting","2024-01-21T14:29:01Z","push","refs/heads/feature/misc"
"hunkim98/dotting","2024-01-21T14:42:26Z","push","refs/heads/preview"
"hunkim98/dotting","2024-01-21T14:44:51Z","push","refs/heads/feature/misc"
"hunkim98/dotting","2024-01-21T14:46:13Z","push","refs/heads/preview"
"hunkim98/dotting","2024-01-21T14:51:02Z","push","refs/heads/feature/misc"
"hunkim98/dotting","2024-01-21T14:52:29Z","push","refs/heads/preview"
"hunkim98/dotting","2024-01-22T16:09:00Z","push","refs/heads/feature/misc"
"hunkim98/dotting","2024-01-22T16:10:28Z","push","refs/heads/preview"
"hunkim98/dotting","2024-01-22T16:27:31Z","push","refs/heads/feature/misc"
"hunkim98/dotting","2024-01-22T16:28:51Z","push","refs/heads/preview"
"hunkim98/dotting","2024-01-22T16:36:24Z","push","refs/heads/feature/misc"
"hunkim98/dotting","2024-01-22T16:37:49Z","push","refs/heads/preview"
"hunkim98/dotting","2024-01-28T01:17:13Z","push","refs/heads/preview"
"hunkim98/dotting","2024-01-28T01:17:18Z","push","refs/heads/gh-pages"
"hunkim98/dotting","2024-01-28T01:19:26Z","push","refs/heads/main"
"hunkim98/dotting","2024-01-28T01:21:02Z","push","refs/heads/gh-pages"
"hunkim98/dotting","2024-01-28T01:41:43Z","push","refs/heads/preview"
"hunkim98/dotting","2024-01-28T01:41:52Z","push","refs/heads/preview"
"hunkim98/dotting","2024-01-28T01:42:03Z","push","refs/heads/gh-pages"
"hunkim98/dotting","2024-02-01T14:05:05Z","push","refs/heads/main"
"hunkim98/dotting","2024-02-01T14:06:39Z","push","refs/heads/gh-pages"
"hunkim98/dotting","2024-02-29T15:21:02Z","push","refs/heads/main"
"hunkim98/dotting","2024-02-29T15:22:32Z","push","refs/heads/gh-pages"
"hunkim98/dotting","2024-02-29T15:37:52Z","push","refs/heads/main"
"hunkim98/dotting","2024-02-29T15:39:25Z","push","refs/heads/gh-pages"
"hunkim98/dotting","2024-03-01T03:47:26Z","push","refs/heads/test/validation"
"hunkim98/dotting","2024-03-01T03:47:32Z","push","refs/heads/main"
"hunkim98/dotting","2024-03-01T03:48:59Z","push","refs/heads/gh-pages"
"hunkim98/dotting","2024-03-01T13:58:00Z","push","refs/heads/main"
"hunkim98/dotting","2024-03-01T13:59:32Z","push","refs/heads/gh-pages"
"hunkim98/dotting","2024-03-01T14:06:10Z","push","refs/heads/main"
"hunkim98/dotting","2024-03-01T14:07:43Z","push","refs/heads/gh-pages"
"hunkim98/dotting","2024-03-01T14:10:13Z","push","refs/heads/preview"
"hunkim98/dotting","2024-03-01T14:21:38Z","push","refs/heads/main"
"hunkim98/dotting","2024-03-01T14:29:48Z","push","refs/heads/gh-pages"
"hunkim98/dotting","2024-03-01T14:48:21Z","push","refs/heads/main"
"hunkim98/dotting","2024-03-01T15:28:01Z","push","refs/heads/preview"
"hunkim98/dotting","2024-03-01T15:30:35Z","push","refs/heads/gh-pages"
"hunkim98/dotting","2024-03-01T15:38:02Z","push","refs/heads/main"
"hunkim98/dotting","2024-03-01T15:46:50Z","push","refs/heads/gh-pages"
"hunkim98/dotting","2024-03-01T15:49:54Z","push","refs/heads/gh-pages"
"hunkim98/dotting","2024-03-01T15:53:03Z","push","refs/heads/preview"
"hunkim98/dotting","2024-03-03T02:08:55Z","push","refs/heads/main"
"hunkim98/dotting","2024-03-03T02:10:27Z","push","refs/heads/gh-pages"
"hunkim98/dotting","2024-03-03T02:14:28Z","push","refs/heads/preview"
"hunkim98/dotting","2024-03-03T02:16:49Z","push","refs/heads/preview"
"hunkim98/dotting","2024-03-03T02:29:46Z","push","refs/heads/preview"
"hunkim98/dotting","2024-03-03T02:32:13Z","push","refs/heads/preview"
"hunkim98/dotting","2024-03-03T02:57:27Z","push","refs/heads/main"
"hunkim98/dotting","2024-03-03T02:58:58Z","push","refs/heads/gh-pages"
"hunkim98/dotting","2024-03-03T03:24:12Z","push","refs/heads/main"
"hunkim98/dotting","2024-03-03T03:25:49Z","push","refs/heads/gh-pages"
"hunkim98/dotting","2024-03-03T03:27:12Z","push","refs/heads/preview"
"hunkim98/dotting","2024-03-03T03:44:55Z","push","refs/heads/main"
"hunkim98/dotting","2024-03-03T03:46:22Z","push","refs/heads/gh-pages"
"hunkim98/dotting","2024-03-03T03:54:53Z","push","refs/heads/main"
"hunkim98/dotting","2024-03-03T03:56:25Z","push","refs/heads/gh-pages"
"hunkim98/dotting","2024-03-03T07:51:42Z","push","refs/heads/main"
"hunkim98/dotting","2024-03-03T07:53:13Z","push","refs/heads/gh-pages"
"hunkim98/dotting","2024-03-03T08:10:28Z","push","refs/heads/main"
"hunkim98/dotting","2024-03-03T08:12:00Z","push","refs/heads/gh-pages"
"hunkim98/dotting","2024-03-03T08:15:45Z","push","refs/heads/preview"
"hunkim98/dotting","2024-03-03T08:18:17Z","push","refs/heads/preview"
"hunkim98/dotting","2024-03-03T08:19:32Z","push","refs/heads/gh-pages"
"hunkim98/voxeling","2023-07-16T10:58:35Z","push","refs/heads/main"
"hunkim98/voxeling","2023-07-17T02:47:56Z","push","refs/heads/main"
"hunkim98/voxeling","2023-07-22T04:59:42Z","push","refs/heads/main"
"hunkim98/voxeling","2023-07-22T09:05:34Z","push","refs/heads/main"
"hunkim98/voxeling","2023-07-24T12:35:33Z","push","refs/heads/main"
"hunkim98/voxeling","2023-07-26T01:05:47Z","push","refs/heads/main"
"hunkim98/voxeling","2023-09-02T02:13:59Z","push","refs/heads/main"
"hunkim98/voxeling","2023-09-10T07:15:37Z","push","refs/heads/main"
"hunkim98/voxeling","2023-09-10T07:31:50Z","push","refs/heads/main"
"hunkim98/voxeling","2023-09-10T07:37:45Z","push","refs/heads/main"
"hunkim98/voxeling","2023-09-10T07:40:48Z","push","refs/heads/main"
"hunkim98/canvas_with_math","2023-07-15T17:51:25Z","push","refs/heads/main"
"hunkim98/canvas_with_math","2023-07-15T17:52:08Z","push","refs/heads/gh-pages"
"hunkim98/canvas_with_math","2023-07-21T05:09:57Z","push","refs/heads/main"
"hunkim98/canvas_with_math","2023-07-21T05:10:41Z","push","refs/heads/gh-pages"
"hunkim98/canvas_with_math","2023-08-10T15:35:22Z","push","refs/heads/main"
"hunkim98/canvas_with_math","2023-08-10T15:36:02Z","push","refs/heads/gh-pages"
"hunkim98/canvas_with_math","2023-08-10T17:09:58Z","push","refs/heads/main"
"hunkim98/canvas_with_math","2023-08-10T17:10:48Z","push","refs/heads/gh-pages"
"hunkim98/dotting-genai","2023-03-22T07:13:53Z","push","refs/heads/main"
"hunkim98/dotting-genai","2023-03-23T18:47:54Z","push","refs/heads/main"
"hunkim98/dotting-genai","2023-03-26T15:03:32Z","push","refs/heads/main"
"hunkim98/dotting-genai","2023-03-26T16:12:45Z","push","refs/heads/main"
"hunkim98/dotting-genai","2023-03-27T03:24:57Z","push","refs/heads/main"
"hunkim98/dotting-genai","2023-03-29T08:07:25Z","push","refs/heads/feature/dalle"
"hunkim98/dotting-genai","2023-03-29T14:10:19Z","push","refs/heads/feature/dalle"
"hunkim98/dotting-genai","2023-03-29T14:56:24Z","push","refs/heads/feature/dalle"
"hunkim98/dotting-genai","2023-04-01T07:11:41Z","push","refs/heads/feature/dalle"
"hunkim98/dotting-genai","2023-04-01T07:12:09Z","push","refs/heads/feature/dalle"
"hunkim98/dotting-genai","2023-04-07T05:08:13Z","push","refs/heads/feature/chat"
"hunkim98/dotting-genai","2023-04-07T06:26:27Z","push","refs/heads/feature/chat"
"hunkim98/dotting-genai","2023-04-07T06:59:08Z","push","refs/heads/feature/chat"
"hunkim98/dotting-genai","2023-04-08T07:45:33Z","push","refs/heads/feature/chat"
"hunkim98/dotting-genai","2023-04-08T07:46:25Z","push","refs/heads/feature/chat"
"hunkim98/dotting-genai","2023-04-08T10:29:32Z","push","refs/heads/feature/chat"
"hunkim98/dotting-genai","2023-04-08T13:15:56Z","push","refs/heads/feature/chat"
"hunkim98/dotting-genai","2023-04-08T13:26:17Z","push","refs/heads/main"
"hunkim98/dotting-genai","2023-04-09T04:20:40Z","push","refs/heads/feature/toolbar"
"hunkim98/dotting-genai","2023-04-09T04:34:52Z","push","refs/heads/feature/toolbar"
"hunkim98/dotting-genai","2023-04-09T04:51:59Z","push","refs/heads/feature/toolbar"
"hunkim98/dotting-genai","2023-04-09T06:10:25Z","push","refs/heads/feature/toolbar"
"hunkim98/dotting-genai","2023-04-09T06:10:42Z","push","refs/heads/feature/toolbar"
"hunkim98/dotting-genai","2023-04-09T06:11:35Z","push","refs/heads/feature/toolbar"
"hunkim98/dotting-genai","2023-04-09T06:25:17Z","push","refs/heads/feature/toolbar"
"hunkim98/dotting-genai","2023-04-09T06:33:45Z","push","refs/heads/feature/toolbar"
"hunkim98/dotting-genai","2023-04-09T06:45:29Z","push","refs/heads/feature/toolbar"
"hunkim98/dotting-genai","2023-04-09T06:55:40Z","push","refs/heads/feature/toolbar"
"hunkim98/dotting-genai","2023-04-09T06:59:39Z","push","refs/heads/feature/toolbar"
"hunkim98/dotting-genai","2023-04-09T07:06:39Z","push","refs/heads/feature/rightbar_update"
"hunkim98/dotting-genai","2023-04-09T07:12:13Z","push","refs/heads/feature/rightbar_update"
"hunkim98/dotting-genai","2023-04-09T07:42:46Z","push","refs/heads/feature/rightbar_update"
"hunkim98/dotting-genai","2023-04-09T07:55:46Z","push","refs/heads/feature/rightbar_update"
"hunkim98/dotting-genai","2023-04-09T07:56:21Z","push","refs/heads/feature/rightbar_update"
"hunkim98/dotting-genai","2023-04-09T08:01:35Z","push","refs/heads/feature/rightbar_update"
"hunkim98/dotting-genai","2023-04-09T09:58:12Z","push","refs/heads/feature/rightbar_update"
"hunkim98/dotting-genai","2023-04-09T10:00:25Z","push","refs/heads/feature/rightbar_update"
"hunkim98/dotting-genai","2023-04-09T10:29:35Z","push","refs/heads/feature/rightbar_update"
"hunkim98/dotting-genai","2023-04-09T10:32:43Z","push","refs/heads/feature/rightbar_update"
"hunkim98/dotting-genai","2023-04-09T10:40:43Z","push","refs/heads/feature/rightbar_update"
"hunkim98/dotting-genai","2023-04-09T10:44:16Z","push","refs/heads/main"
"hunkim98/dotting-genai","2023-04-10T12:40:00Z","push","refs/heads/main"
"hunkim98/dotting-genai","2023-04-10T14:23:20Z","push","refs/heads/main"
"hunkim98/dotting-genai","2023-04-10T16:06:27Z","push","refs/heads/main"
"hunkim98/dotting-genai","2023-05-13T15:29:34Z","push","refs/heads/main"
"hunkim98/dotting-genai","2023-05-15T14:21:17Z","push","refs/heads/main"
"hunkim98/dotting-genai","2023-05-15T15:01:13Z","push","refs/heads/main"
"hunkim98/dotting-genai","2023-05-15T16:26:59Z","push","refs/heads/main"
"hunkim98/dotting-genai","2023-05-15T16:43:23Z","push","refs/heads/main"
"hunkim98/dotting-genai","2023-05-16T15:50:51Z","push","refs/heads/main"
"hunkim98/dotting-genai","2023-05-18T15:07:40Z","push","refs/heads/with_ai"
"hunkim98/dotting-genai","2023-05-18T15:15:36Z","push","refs/heads/no_ai"
"hunkim98/dotting-genai","2023-05-18T15:16:05Z","push","refs/heads/with_ai"
"hunkim98/dotting-genai","2023-05-18T15:21:59Z","push","refs/heads/with_ai"
"hunkim98/dotting-genai","2023-05-18T15:22:15Z","push","refs/heads/no_ai"
"hunkim98/dotting-genai","2023-05-18T15:25:06Z","push","refs/heads/no_ai"
"hunkim98/dotting-genai","2023-05-18T15:25:31Z","push","refs/heads/with_ai"
"hunkim98/dotting-genai","2023-05-18T15:38:11Z","push","refs/heads/with_ai"
"hunkim98/dotting-genai","2023-05-18T15:39:09Z","push","refs/heads/no_ai"
"hunkim98/dotting-genai","2023-05-21T07:52:40Z","push","refs/heads/no_ai"
"hunkim98/dotting-genai","2023-05-21T07:53:33Z","push","refs/heads/with_ai"
"hunkim98/dotting-genai","2023-05-21T07:53:52Z","push","refs/heads/main"
"hunkim98/dotting-genai","2023-06-16T08:38:42Z","push","refs/heads/main"
"hunkim98/dotting-genai","2023-09-25T12:45:49Z","push","refs/heads/main"
"hunkim98/dotting-genai","2023-09-25T13:23:44Z","push","refs/heads/main"
"hunkim98/dotting-genai","2023-12-01T03:27:10Z","push","refs/heads/main"
"hunkim98/dotting-genai","2023-12-01T03:35:52Z","push","refs/heads/main"
"hunkim98/dotting-genai","2023-12-01T03:44:21Z","push","refs/heads/main"
"hunkim98/dotting-genai","2023-12-01T11:46:58Z","push","refs/heads/main"
"hunkim98/dotting-genai","2023-12-01T11:47:33Z","push","refs/heads/main"
"hunkim98/dotting-genai","2023-12-02T01:42:17Z","push","refs/heads/feature/pixelize_ai"
"hunkim98/dotting-genai","2023-12-02T01:47:51Z","push","refs/heads/main"
"hunkim98/dotting-genai","2023-12-02T06:50:34Z","push","refs/heads/main"
"hunkim98/dotting-genai","2023-12-10T01:58:14Z","push","refs/heads/main"
"hunkim98/multimodal-pixels-genai","2023-08-08T05:35:22Z","push","refs/heads/main"
"hunkim98/multimodal-pixels-genai","2023-08-08T16:35:15Z","push","refs/heads/main"
"hunkim98/multimodal-pixels-genai","2023-08-08T16:40:46Z","push","refs/heads/main"
"hunkim98/multimodal-pixels-genai","2023-08-09T14:18:58Z","push","refs/heads/main"
"hunkim98/multimodal-pixels-genai","2023-08-11T02:35:54Z","push","refs/heads/main"
"hunkim98/multimodal-pixels-genai","2023-08-11T04:53:41Z","push","refs/heads/main"
"hunkim98/multimodal-pixels-genai","2023-08-11T06:28:02Z","push","refs/heads/main"
"hunkim98/multimodal-pixels-genai","2023-08-11T07:37:17Z","push","refs/heads/main"
"hunkim98/multimodal-pixels-genai","2023-08-11T07:58:57Z","push","refs/heads/main"
"hunkim98/multimodal-pixels-genai","2023-08-11T08:05:56Z","push","refs/heads/main"
"hunkim98/multimodal-pixels-genai","2023-08-11T09:30:28Z","push","refs/heads/feature/tools"
"hunkim98/multimodal-pixels-genai","2023-08-12T15:17:14Z","push","refs/heads/feature/tools"
"hunkim98/multimodal-pixels-genai","2023-08-13T09:05:23Z","push","refs/heads/feature/tools"
"hunkim98/multimodal-pixels-genai","2023-08-13T12:12:09Z","push","refs/heads/feature/tools"
"hunkim98/multimodal-pixels-genai","2023-08-13T12:17:03Z","push","refs/heads/feature/tools"
"hunkim98/multimodal-pixels-genai","2023-08-13T14:23:49Z","push","refs/heads/feature/tools"
"hunkim98/multimodal-pixels-genai","2023-10-03T13:09:34Z","push","refs/heads/feature/tools"
"hunkim98/multimodal-pixels-genai","2023-10-10T07:16:48Z","push","refs/heads/feature/tools"
"hunkim98/multimodal-pixels-genai","2023-10-10T08:26:35Z","push","refs/heads/feature/tools"
"hunkim98/multimodal-pixels-genai","2023-10-10T15:27:34Z","push","refs/heads/feature/tools"
"hunkim98/multimodal-pixels-genai","2023-10-13T10:38:13Z","push","refs/heads/feature/tools"
"hunkim98/multimodal-pixels-genai","2023-10-13T10:38:35Z","push","refs/heads/main"
"hunkim98/multimodal-pixels-genai","2023-10-13T10:48:17Z","push","refs/heads/main"
"hunkim98/multimodal-pixels-genai","2023-10-13T10:52:45Z","push","refs/heads/main"
"hunkim98/multimodal-pixels-genai","2023-10-13T11:00:59Z","push","refs/heads/main"
"hunkim98/multimodal-pixels-genai","2023-10-13T11:21:37Z","push","refs/heads/main"
"hunkim98/multimodal-pixels-genai","2023-10-13T11:35:18Z","push","refs/heads/main"
"hunkim98/multimodal-pixels-genai","2023-10-13T11:39:25Z","push","refs/heads/main"
"hunkim98/multimodal-pixels-genai","2023-10-13T11:47:58Z","push","refs/heads/main"
"hunkim98/multimodal-pixels-genai","2023-10-13T11:49:47Z","push","refs/heads/main"
"hunkim98/multimodal-pixels-genai","2023-10-13T11:51:13Z","push","refs/heads/main"
"hunkim98/multimodal-pixels-genai","2023-10-13T11:53:05Z","push","refs/heads/main"
"hunkim98/multimodal-pixels-genai","2023-10-13T12:08:16Z","push","refs/heads/main"
"hunkim98/multimodal-pixels-genai","2023-10-13T12:16:10Z","push","refs/heads/main"
"hunkim98/multimodal-pixels-genai","2023-10-13T12:57:59Z","push","refs/heads/main"
"hunkim98/multimodal-pixels-genai","2023-10-13T13:46:47Z","push","refs/heads/main"
"hunkim98/multimodal-pixels-genai","2023-10-19T06:03:05Z","push","refs/heads/main"
"hunkim98/multimodal-pixels-genai","2023-10-20T08:25:45Z","push","refs/heads/main"
"hunkim98/multimodal-pixels-genai","2023-10-20T08:26:44Z","push","refs/heads/main"
"hunkim98/multimodal-pixels-genai","2023-11-01T05:54:38Z","push","refs/heads/main"
"hunkim98/multimodal-pixels-genai","2023-11-01T08:19:27Z","push","refs/heads/main"
"hunkim98/multimodal-pixels-genai","2023-11-01T08:31:05Z","push","refs/heads/main"
"hunkim98/multimodal-pixels-genai","2023-11-01T08:58:43Z","push","refs/heads/main"
"hunkim98/multimodal-pixels-genai","2023-11-01T09:13:35Z","push","refs/heads/main"
"hunkim98/multimodal-pixels-genai","2023-11-01T09:33:07Z","push","refs/heads/main"
"hunkim98/multimodal-pixels-genai","2023-11-01T12:05:57Z","push","refs/heads/main"
"hunkim98/multimodal-pixels-genai","2023-11-01T17:30:04Z","push","refs/heads/main"
"hunkim98/multimodal-pixels-genai","2023-11-03T07:48:15Z","push","refs/heads/main"
"hunkim98/multimodal-pixels-genai","2023-11-03T08:03:42Z","push","refs/heads/main"
"hunkim98/multimodal-pixels-genai","2023-11-07T16:39:10Z","push","refs/heads/main"
"hunkim98/multimodal-pixels-genai","2023-11-07T16:53:38Z","push","refs/heads/main"
"hunkim98/multimodal-pixels-genai","2023-11-07T16:58:22Z","push","refs/heads/main"
"hunkim98/multimodal-pixels-genai","2023-12-09T13:50:52Z","push","refs/heads/main"
"hunkim98/multimodal-pixels-genai","2023-12-12T13:44:02Z","push","refs/heads/main"
"hunkim98/multimodal-pixels-genai","2023-12-12T14:12:59Z","push","refs/heads/main"
"hunkim98/multimodal-pixels-genai","2023-12-12T16:29:36Z","push","refs/heads/main"
"hunkim98/multimodal-pixels-genai","2023-12-12T17:12:38Z","push","refs/heads/main"
"hunkim98/multimodal-pixels-genai","2023-12-12T17:20:59Z","push","refs/heads/main"
"hunkim98/multimodal-pixels-genai","2023-12-14T13:44:01Z","push","refs/heads/main"
"hunkim98/multimodal-pixels-genai","2023-12-14T15:39:46Z","push","refs/heads/main"
"hunkim98/multimodal-pixels-genai","2023-12-14T15:41:57Z","push","refs/heads/main"
"hunkim98/multimodal-pixels-genai","2023-12-16T10:24:56Z","push","refs/heads/main"
"hunkim98/multimodal-pixels-genai","2023-12-20T15:55:25Z","push","refs/heads/main"
"hunkim98/multimodal-pixels-genai","2023-12-20T15:58:11Z","push","refs/heads/main"
"hunkim98/multimodal-pixels-genai","2023-12-20T15:59:19Z","push","refs/heads/main"
"hunkim98/multimodal-pixels-genai","2023-12-20T16:08:01Z","push","refs/heads/main"
"hunkim98/react-starter-counter","2023-04-21T12:58:20Z","push","refs/heads/step0"
"hunkim98/react-starter-counter","2023-04-21T13:09:30Z","push","refs/heads/step1"
"hunkim98/react-starter-counter","2023-05-03T14:27:15Z","push","refs/heads/step3"
"hunkim98/react-starter-counter","2023-05-03T14:27:23Z","push","refs/heads/step2-answer"
"hunkim98/react-starter-counter","2023-05-03T14:28:53Z","push","refs/heads/step3-answer"
"hunkim98/react-starter-counter","2023-05-03T15:07:21Z","push","refs/heads/step1-answer"
"hunkim98/react-starter-counter","2023-05-03T15:07:45Z","push","refs/heads/step1"
"hunkim98/react-starter-counter","2023-05-03T15:23:15Z","push","refs/heads/step2"
"hunkim98/react-starter-counter","2023-05-03T15:29:42Z","push","refs/heads/step2-answer"
"hunkim98/react-starter-counter","2023-05-03T15:30:07Z","push","refs/heads/step2"
"hunkim98/react-starter-counter","2023-05-03T15:30:28Z","push","refs/heads/step1-answer"
"hunkim98/react-starter-counter","2023-05-03T15:31:01Z","push","refs/heads/step3"
"hunkim98/react-starter-counter","2023-05-03T15:31:27Z","push","refs/heads/step3-answer"
"hunkim98/pickgeul_server","2023-03-15T08:24:14Z","push","refs/heads/master"
"hunkim98/pickgeul_server","2023-04-03T05:01:45Z","push","refs/heads/master"
"hunkim98/pickgeul_server","2023-04-07T15:30:37Z","push","refs/heads/master"
"hunkim98/pickgeul_server","2023-04-09T09:53:02Z","push","refs/heads/master"
"hunkim98/pickgeul_server","2023-04-12T18:38:02Z","push","refs/heads/master"
"hunkim98/pickgeul_server","2023-05-28T12:35:52Z","push","refs/heads/master"
"hunkim98/pickgeul_server","2023-08-23T15:09:30Z","push","refs/heads/master"
"hunkim98/pickgeul_server","2024-08-07T12:46:54Z","push","refs/heads/master"
"hunkim98/pickgeul_server","2024-08-07T13:03:18Z","push","refs/heads/master"
"hunkim98/pickgeul_server","2024-08-07T13:08:19Z","push","refs/heads/master"
"hunkim98/pickgeul_server","2024-08-07T13:30:07Z","push","refs/heads/master"
"hunkim98/pickgeul_server","2024-08-07T13:41:38Z","push","refs/heads/master"
"hunkim98/pickgeul_server","2024-08-07T13:47:55Z","push","refs/heads/master"
"hunkim98/pickgeul_server","2024-08-07T13:56:30Z","push","refs/heads/master"
"hunkim98/pickgeul_server","2024-08-07T14:14:47Z","push","refs/heads/master"
"hunkim98/pickgeul_server","2024-08-07T14:20:07Z","push","refs/heads/master"
"hunkim98/pickgeul_server","2024-08-07T14:33:48Z","push","refs/heads/master"
"hunkim98/pickgeul_server","2024-08-07T14:35:51Z","push","refs/heads/master"
"hunkim98/pickgeul_client","2023-04-06T09:52:46Z","push","refs/heads/master"
"hunkim98/pickgeul_client","2023-04-12T15:22:11Z","push","refs/heads/feature/remove_serverside_redux"
"hunkim98/pickgeul_client","2023-04-12T15:28:22Z","push","refs/heads/prod"
"hunkim98/pickgeul_client","2023-04-12T16:46:12Z","push","refs/heads/master"
"hunkim98/pickgeul_client","2023-04-12T16:51:54Z","push","refs/heads/master"
"hunkim98/pickgeul_client","2023-04-12T16:55:14Z","push","refs/heads/master"
"hunkim98/pickgeul_client","2023-04-12T18:02:23Z","push","refs/heads/master"
"hunkim98/pickgeul_client","2023-04-12T18:04:23Z","push","refs/heads/master"
"hunkim98/pickgeul_client","2023-04-12T18:31:24Z","push","refs/heads/master"
"hunkim98/pickgeul_client","2023-04-12T18:32:32Z","push","refs/heads/prod"
"hunkim98/pickgeul_client","2023-04-13T03:25:54Z","push","refs/heads/master"
"hunkim98/pickgeul_client","2023-07-06T02:46:29Z","push","refs/heads/master"
"hunkim98/pickgeul_client","2023-07-06T03:24:39Z","push","refs/heads/master"
"hunkim98/pickgeul_client","2023-07-06T03:27:54Z","push","refs/heads/master"
"hunkim98/pickgeul_client","2023-07-06T04:04:41Z","push","refs/heads/master"
"hunkim98/pickgeul_client","2023-07-06T04:07:35Z","push","refs/heads/master"
"hunkim98/pickgeul_client","2023-07-06T14:34:46Z","push","refs/heads/master"
"hunkim98/pickgeul_client","2023-07-06T14:53:52Z","push","refs/heads/master"
"hunkim98/pickgeul_client","2023-07-08T01:43:04Z","push","refs/heads/master"
"hunkim98/pickgeul_client","2023-07-21T04:01:06Z","push","refs/heads/master"
"hunkim98/pickgeul_client","2023-08-04T02:56:13Z","push","refs/heads/fix/pageUpdate"
"hunkim98/pickgeul_admin","2023-03-15T07:32:19Z","push","refs/heads/main"
"hunkim98/pickgeul_admin","2023-03-15T07:33:08Z","push","refs/heads/main"
"hunkim98/pickgeul_admin","2023-03-15T07:52:55Z","push","refs/heads/main"
"hunkim98/pickgeul_admin","2023-03-15T07:57:58Z","push","refs/heads/main"
"hunkim98/pickgeul_admin","2023-03-15T07:59:18Z","push","refs/heads/main"
"hunkim98/pickgeul_admin","2023-03-15T08:02:24Z","push","refs/heads/main"
"hunkim98/pickgeul_admin","2023-03-15T08:02:44Z","push","refs/heads/main"
"hunkim98/pickgeul_admin","2023-03-15T08:19:38Z","push","refs/heads/main"
"hunkim98/pickgeul_admin","2023-03-17T04:53:52Z","push","refs/heads/main"
"hunkim98/pickgeul_admin","2023-03-30T07:12:57Z","push","refs/heads/main"
"hunkim98/pickgeul_admin","2023-05-12T08:11:39Z","push","refs/heads/main"
"hunkim98/pickgeul_admin","2023-05-28T12:37:03Z","push","refs/heads/main"
"hunkim98/pickgeul_admin","2024-08-07T13:03:58Z","push","refs/heads/main"
"hunkim98/stamp_tour","2024-06-26T16:43:45Z","push","refs/heads/main"
"hunkim98/stamp_tour","2024-06-26T16:46:50Z","push","refs/heads/main"
"hunkim98/stamp_tour","2024-06-28T14:19:38Z","push","refs/heads/main"
"hunkim98/stamp_tour","2024-06-28T18:40:02Z","push","refs/heads/main"
"hunkim98/stamp_tour","2024-06-29T02:30:21Z","push","refs/heads/main"
"hunkim98/stamp_tour","2024-06-30T02:38:51Z","push","refs/heads/main"
"hunkim98/stamp_tour","2024-06-30T06:13:43Z","push","refs/heads/main"
"hunkim98/stamp_tour","2024-06-30T06:18:27Z","push","refs/heads/main"
"hunkim98/stamp_tour","2024-06-30T06:19:28Z","push","refs/heads/main"
"hunkim98/stamp_tour","2024-06-30T06:21:51Z","push","refs/heads/main"
"hunkim98/stamp_tour","2024-06-30T06:32:00Z","push","refs/heads/main"
"hunkim98/stamp_tour","2024-06-30T06:38:30Z","push","refs/heads/main"
"hunkim98/stamp_tour","2024-06-30T06:39:37Z","push","refs/heads/main"
"hunkim98/stamp_tour","2024-06-30T06:55:39Z","push","refs/heads/main"
"hunkim98/stamp_tour","2024-07-14T08:54:05Z","push","refs/heads/main"
"hunkim98/stamp_tour","2024-07-19T16:24:43Z","push","refs/heads/main"
"hunkim98/stamp_tour","2024-07-19T18:33:25Z","push","refs/heads/main"
"hunkim98/stamp_tour","2024-07-20T15:48:06Z","push","refs/heads/main"
"hunkim98/stamp_tour","2024-07-20T16:31:59Z","push","refs/heads/main"
"hunkim98/stamp_tour","2024-07-23T17:17:28Z","push","refs/heads/main"
"hunkim98/stamp_tour","2024-07-24T15:50:58Z","push","refs/heads/main"
"hunkim98/stamp_tour","2024-07-25T13:08:20Z","push","refs/heads/main"
"hunkim98/stamp_tour","2024-07-27T03:28:00Z","push","refs/heads/main"
"hunkim98/stamp_tour","2024-07-27T03:47:48Z","push","refs/heads/main"
"hunkim98/stamp_tour","2024-07-27T13:14:33Z","push","refs/heads/main"
"hunkim98/stamp_tour","2024-07-27T17:18:00Z","push","refs/heads/main"
"hunkim98/stamp_tour","2024-07-28T16:54:07Z","push","refs/heads/main"
"hunkim98/stamp_tour","2024-07-29T16:09:06Z","push","refs/heads/main"
"hunkim98/stamp_tour","2024-07-29T16:31:19Z","push","refs/heads/main"
"hunkim98/stamp_tour","2024-08-02T03:12:41Z","push","refs/heads/main"
"hunkim98/stamp_tour","2024-08-02T08:43:53Z","push","refs/heads/main"
"hunkim98/stamp_tour","2024-08-03T08:22:48Z","push","refs/heads/main"
"hunkim98/stamp_tour","2024-08-03T09:40:02Z","push","refs/heads/main"
"hunkim98/stamp_tour","2024-08-03T17:15:07Z","push","refs/heads/main"
"hunkim98/stamp_tour","2024-08-04T15:43:01Z","push","refs/heads/main"
"hunkim98/stamp_tour","2024-08-04T16:16:31Z","push","refs/heads/main"
"hunkim98/stamp_tour","2024-08-04T16:27:57Z","push","refs/heads/main"
"hunkim98/stamp_tour","2024-08-05T02:22:50Z","push","refs/heads/main"
"hunkim98/stamp_tour","2024-08-05T07:59:18Z","push","refs/heads/main"
"hunkim98/stamp_tour","2024-08-05T16:20:57Z","push","refs/heads/main"
"hunkim98/stamp_tour","2024-08-05T16:43:34Z","push","refs/heads/main"
"hunkim98/stamp_tour","2024-08-05T16:49:52Z","push","refs/heads/main"
"hunkim98/stamp_tour","2024-08-06T03:08:46Z","push","refs/heads/main"
"hunkim98/stamp_tour","2024-08-06T03:36:24Z","push","refs/heads/main"
"hunkim98/stamp_tour","2024-08-06T03:59:45Z","push","refs/heads/main"
"hunkim98/stamp_tour","2024-08-06T04:21:05Z","push","refs/heads/main"
"hunkim98/stamp_tour","2024-08-06T05:04:07Z","push","refs/heads/main"
"hunkim98/stamp_tour","2024-08-06T05:13:12Z","push","refs/heads/main"
"hunkim98/stamp_tour","2024-08-06T05:58:05Z","push","refs/heads/main"
"hunkim98/stamp_tour","2024-08-06T05:59:38Z","push","refs/heads/main"
"hunkim98/stamp_tour","2024-08-06T06:48:29Z","push","refs/heads/main"
"hunkim98/stamp_tour","2024-08-06T07:04:22Z","push","refs/heads/main"
"hunkim98/stamp_tour","2024-08-06T07:09:46Z","push","refs/heads/main"
"hunkim98/stamp_tour","2024-08-06T07:18:12Z","push","refs/heads/main"
"hunkim98/stamp_tour","2024-08-06T07:34:20Z","push","refs/heads/main"
"hunkim98/stamp_tour","2024-08-06T07:35:57Z","push","refs/heads/main"
"hunkim98/stamp_tour","2024-08-06T07:37:37Z","push","refs/heads/main"
"hunkim98/stamp_tour","2024-08-06T07:48:30Z","push","refs/heads/main"
"hunkim98/stamp_tour","2024-08-06T08:17:30Z","push","refs/heads/main"
"hunkim98/stamp_tour","2024-08-06T08:26:51Z","push","refs/heads/main"
"hunkim98/stamp_tour","2024-08-06T08:35:44Z","push","refs/heads/main"
"hunkim98/stamp_tour","2024-08-06T08:40:55Z","push","refs/heads/main"
"hunkim98/stamp_tour","2024-08-06T08:55:15Z","push","refs/heads/main"
"hunkim98/stamp_tour","2024-08-06T08:56:53Z","push","refs/heads/main"
"hunkim98/stamp_tour","2024-08-06T09:00:16Z","push","refs/heads/main"
"hunkim98/stamp_tour","2024-08-07T05:05:22Z","push","refs/heads/main"
"hunkim98/stamp_tour","2024-08-07T05:47:51Z","push","refs/heads/main"
"hunkim98/stamp_tour","2024-08-07T07:43:34Z","push","refs/heads/main"
"hunkim98/stamp_tour","2024-08-07T07:54:34Z","push","refs/heads/main"
"hunkim98/stamp_tour","2024-08-07T09:12:34Z","push","refs/heads/main"
"hunkim98/stamp_tour","2024-08-07T09:57:33Z","push","refs/heads/main"
"hunkim98/stamp_tour","2024-08-10T12:46:03Z","push","refs/heads/main"
"hunkim98/stamp_tour","2024-08-13T04:07:54Z","push","refs/heads/main"
"hunkim98/dotting-test","2023-09-02T02:48:07Z","push","refs/heads/main"
"hunkim98/dotting-test","2023-09-02T10:31:14Z","push","refs/heads/main"
"hunkim98/aishortform_proxy","2023-06-21T09:42:22Z","push","refs/heads/main"
"hunkim98/aishortform_proxy","2023-06-21T09:43:20Z","push","refs/heads/main"
"hunkim98/aishortform_proxy","2023-06-21T10:45:08Z","push","refs/heads/main"
"hunkim98/aishortform_proxy","2023-06-21T15:10:49Z","push","refs/heads/main"
"hunkim98/aishortform_proxy","2023-06-21T15:38:11Z","push","refs/heads/main"
"hunkim98/aishortform_proxy","2023-06-23T04:06:23Z","push","refs/heads/main"
"hunkim98/aishortform_proxy","2023-06-23T10:38:39Z","push","refs/heads/main"
"hunkim98/aishortform_proxy","2023-06-23T10:41:26Z","push","refs/heads/main"
"hunkim98/aishortform_proxy","2023-06-23T10:45:08Z","push","refs/heads/main"
"hunkim98/aishortform_proxy","2023-06-23T10:47:26Z","push","refs/heads/main"
"hunkim98/aishortform_proxy","2023-06-23T10:51:38Z","push","refs/heads/main"
"hunkim98/aishortform_proxy","2023-06-24T00:42:44Z","push","refs/heads/main"
"hunkim98/aishortform_proxy","2023-06-24T01:37:51Z","push","refs/heads/main"
"hunkim98/aishortform_proxy","2023-06-24T05:25:03Z","push","refs/heads/main"
"hunkim98/aishortform_proxy","2023-06-27T01:32:44Z","push","refs/heads/main"
"hunkim98/aishortform_proxy","2023-06-27T02:12:46Z","push","refs/heads/main"
"hunkim98/aishortform_proxy","2023-10-31T07:31:03Z","push","refs/heads/main"
"hunkim98/aishortform_proxy","2023-11-02T02:53:24Z","push","refs/heads/main"
"hunkim98/aishortform_proxy","2023-11-10T11:48:37Z","push","refs/heads/main"
"hunkim98/aishortform_proxy","2023-11-13T07:47:46Z","push","refs/heads/main"
"hunkim98/aishortform_proxy","2023-11-15T07:34:32Z","push","refs/heads/main"
"hunkim98/aishortform_proxy","2023-11-16T01:29:12Z","push","refs/heads/main"
"hunkim98/gre-vokab","2024-04-14T16:20:42Z","push","refs/heads/main"
"hunkim98/gre-vokab","2024-04-14T16:36:59Z","push","refs/heads/main"
"hunkim98/gre-vokab","2024-04-14T16:38:19Z","push","refs/heads/main"
"hunkim98/gre-vokab","2024-04-14T16:46:19Z","push","refs/heads/main"
"hunkim98/gre-vokab","2024-04-14T16:51:44Z","push","refs/heads/main"
"hunkim98/gre-vokab","2024-04-14T17:04:24Z","push","refs/heads/main"
"hunkim98/gre-vokab","2024-04-14T17:07:01Z","push","refs/heads/main"
"hunkim98/gre-vokab","2024-04-15T16:39:03Z","push","refs/heads/main"
"hunkim98/gre-vokab","2024-04-28T14:59:06Z","push","refs/heads/main"
"hunkim98/gre-vokab","2024-04-28T15:03:46Z","push","refs/heads/main"
"hunkim98/webnovelr","2023-12-03T02:31:46Z","push","refs/heads/main"
"hunkim98/webnovelr","2023-12-03T02:33:43Z","push","refs/heads/gh-pages"
"hunkim98/CryptolabAdmin","2023-05-31T01:25:21Z","push","refs/heads/main"
"hunkim98/CryptolabAdmin","2023-06-02T07:38:46Z","push","refs/heads/main"
"hunkim98/CryptolabAdmin","2023-06-02T07:58:48Z","push","refs/heads/main"
"hunkim98/CryptolabAdmin","2023-06-02T18:31:20Z","push","refs/heads/main"
"hunkim98/CryptolabAdmin","2023-06-06T20:09:49Z","push","refs/heads/main"
"hunkim98/CryptolabAdmin","2023-06-08T08:52:20Z","push","refs/heads/main"
"hunkim98/CryptolabAdmin","2023-06-08T15:08:38Z","push","refs/heads/main"
"hunkim98/CryptolabAdmin","2023-06-08T15:12:02Z","push","refs/heads/main"
"hunkim98/CryptolabAdmin","2023-06-08T15:30:28Z","push","refs/heads/main"
"hunkim98/roda_web","2023-09-29T09:26:26Z","push","refs/heads/main"
"hunkim98/roda_web","2023-09-29T12:22:12Z","push","refs/heads/main"
"hunkim98/roda_web","2023-09-29T12:32:15Z","push","refs/heads/main"
"hunkim98/roda_web","2023-09-29T12:54:30Z","push","refs/heads/main"
"hunkim98/roda_web","2023-09-29T13:06:05Z","push","refs/heads/main"
"hunkim98/roda_web","2023-09-29T13:08:33Z","push","refs/heads/main"
"hunkim98/roda_web","2023-09-29T13:09:40Z","push","refs/heads/main"
"hunkim98/roda_web","2023-09-30T17:04:57Z","push","refs/heads/main"
"hunkim98/roda_web","2023-09-30T17:18:51Z","push","refs/heads/main"
"hunkim98/roda_web","2023-10-02T07:16:00Z","push","refs/heads/main"
"hunkim98/roda_web","2023-10-02T08:01:06Z","push","refs/heads/main"
"hunkim98/roda_web","2023-10-02T08:20:33Z","push","refs/heads/main"
"hunkim98/roda_web","2023-10-02T08:28:26Z","push","refs/heads/main"
"hunkim98/roda_web","2023-10-12T09:15:14Z","push","refs/heads/main"
"hunkim98/roda_web","2023-10-19T09:58:14Z","push","refs/heads/main"
"hunkim98/roda_web","2023-10-19T10:33:46Z","push","refs/heads/main"
"hunkim98/roda_web","2023-10-19T10:50:49Z","push","refs/heads/main"
"hunkim98/roda_web","2023-10-19T11:02:01Z","push","refs/heads/main"
"hunkim98/roda_web","2023-10-31T16:41:08Z","push","refs/heads/main"
"hunkim98/roda_web","2023-11-01T05:09:57Z","push","refs/heads/main"
"hunkim98/roda_web","2023-11-01T05:10:48Z","push","refs/heads/main"
"hunkim98/roda_web","2023-11-08T08:01:42Z","push","refs/heads/main"
"hunkim98/roda_web","2023-11-08T08:03:54Z","push","refs/heads/main"
"hunkim98/roda_web","2023-11-08T09:35:42Z","push","refs/heads/main"
"hunkim98/roda_web","2023-11-08T13:23:27Z","push","refs/heads/main"
"hunkim98/roda_web","2023-11-09T07:20:47Z","push","refs/heads/main"
"hunkim98/roda_web","2023-11-11T07:20:03Z","push","refs/heads/main"
"hunkim98/roda_web","2023-11-11T07:54:09Z","push","refs/heads/main"
"hunkim98/roda_web","2023-11-13T06:48:39Z","push","refs/heads/main"
"hunkim98/roda_web","2023-11-13T07:06:30Z","push","refs/heads/main"
"hunkim98/roda_web","2023-11-13T07:07:41Z","push","refs/heads/main"
"hunkim98/roda_web","2023-11-13T07:12:07Z","push","refs/heads/main"
"hunkim98/roda_web","2023-11-13T07:12:35Z","push","refs/heads/main"
"hunkim98/roda_web","2023-11-13T07:36:26Z","push","refs/heads/main"
"hunkim98/roda_web","2023-11-13T08:21:21Z","push","refs/heads/main"
"hunkim98/roda_web","2023-11-14T03:40:08Z","push","refs/heads/main"
"hunkim98/roda_web","2023-11-14T06:14:54Z","push","refs/heads/main"
"hunkim98/roda_web","2023-11-18T08:07:36Z","push","refs/heads/main"
"hunkim98/roda_web","2023-12-05T05:59:04Z","push","refs/heads/main"
"hunkim98/sky-capturer","2023-08-18T15:17:14Z","push","refs/heads/main"
"hunkim98/sky-capturer","2023-08-18T15:23:27Z","push","refs/heads/main"
"hunkim98/sky-capturer","2023-08-19T01:58:06Z","push","refs/heads/main"
"hunkim98/font_gen","2023-11-28T15:11:18Z","push","refs/heads/main"
"hunkim98/font_gen","2023-11-28T15:28:22Z","push","refs/heads/main"
"hunkim98/font_gen","2023-11-29T06:32:59Z","push","refs/heads/main"
"hunkim98/font_gen","2023-11-30T02:40:53Z","push","refs/heads/main"
"hunkim98/aishortform","2023-06-23T04:37:25Z","push","refs/heads/main"
"hunkim98/aishortform","2023-06-23T04:38:42Z","push","refs/heads/main"
"hunkim98/aishortform","2023-06-23T04:40:59Z","push","refs/heads/main"
"hunkim98/aishortform","2023-06-23T04:50:56Z","push","refs/heads/main"
"hunkim98/aishortform","2023-06-23T06:02:35Z","push","refs/heads/main"
"hunkim98/aishortform","2023-06-23T16:54:11Z","push","refs/heads/main"
"hunkim98/aishortform","2023-06-24T01:47:14Z","push","refs/heads/main"
"hunkim98/aishortform","2023-06-24T01:49:32Z","push","refs/heads/main"
"hunkim98/aishortform","2023-06-24T05:23:40Z","push","refs/heads/main"
"hunkim98/aishortform","2023-06-25T12:34:00Z","push","refs/heads/main"
"hunkim98/aishortform","2023-06-25T12:35:47Z","push","refs/heads/main"
"hunkim98/aishortform","2023-06-25T12:51:28Z","push","refs/heads/main"
"hunkim98/aishortform","2023-06-26T12:16:17Z","push","refs/heads/main"
"hunkim98/aishortform","2023-06-26T12:35:02Z","push","refs/heads/main"
"hunkim98/aishortform","2023-06-26T12:40:18Z","push","refs/heads/main"
"hunkim98/aishortform","2023-06-26T12:42:30Z","push","refs/heads/main"
"hunkim98/aishortform","2023-06-26T12:58:27Z","push","refs/heads/main"
"hunkim98/aishortform","2023-06-26T12:59:19Z","push","refs/heads/main"
"hunkim98/aishortform","2023-06-26T13:03:05Z","push","refs/heads/main"
"hunkim98/aishortform","2023-06-27T01:34:21Z","push","refs/heads/main"
"hunkim98/aishortform","2023-06-27T01:45:17Z","push","refs/heads/main"
"hunkim98/aishortform","2023-06-27T03:03:14Z","push","refs/heads/main"
"hunkim98/aishortform","2023-06-27T03:04:32Z","push","refs/heads/main"
"hunkim98/aishortform","2023-06-27T07:06:29Z","push","refs/heads/main"
"hunkim98/aishortform","2023-06-27T07:30:59Z","push","refs/heads/main"
"hunkim98/aishortform","2023-06-27T08:00:22Z","push","refs/heads/main"
"hunkim98/aishortform","2023-06-27T08:05:10Z","push","refs/heads/main"
"hunkim98/aishortform","2023-06-27T08:07:04Z","push","refs/heads/main"
"hunkim98/aishortform","2023-06-27T08:08:46Z","push","refs/heads/main"
"hunkim98/aishortform","2023-06-27T08:48:56Z","push","refs/heads/main"
"hunkim98/aishortform","2023-06-28T04:49:28Z","push","refs/heads/main"
"hunkim98/aishortform","2023-06-28T07:04:45Z","push","refs/heads/main"
"hunkim98/aishortform","2023-11-02T03:00:17Z","push","refs/heads/main"
"hunkim98/aishortform","2023-11-02T03:43:04Z","push","refs/heads/main"
"hunkim98/aishortform","2023-11-02T03:52:22Z","push","refs/heads/main"
"hunkim98/aishortform","2023-11-02T05:33:04Z","push","refs/heads/main"
"hunkim98/aishortform","2023-11-02T05:36:58Z","push","refs/heads/main"
"hunkim98/aishortform","2023-11-02T05:38:44Z","push","refs/heads/main"
"hunkim98/aishortform","2023-11-08T07:57:33Z","push","refs/heads/main"
"hunkim98/aishortform","2023-11-08T13:06:00Z","push","refs/heads/main"
"hunkim98/aishortform","2023-11-09T16:34:04Z","push","refs/heads/main"
"hunkim98/aishortform","2023-11-10T01:44:35Z","push","refs/heads/main"
"hunkim98/aishortform","2023-11-10T10:19:56Z","push","refs/heads/main"
"hunkim98/aishortform","2023-11-13T08:18:31Z","push","refs/heads/main"
"hunkim98/aishortform","2023-11-13T08:19:28Z","push","refs/heads/main"
"hunkim98/aishortform","2023-11-13T08:33:24Z","push","refs/heads/main"
"hunkim98/qrcode-reader-template","2024-01-21T13:41:46Z","push","refs/heads/main"
"hunkim98/qrcode-reader-template","2024-01-21T13:54:29Z","push","refs/heads/main"
"hunkim98/qrcode-reader-template","2024-01-21T13:56:38Z","push","refs/heads/main"
"hunkim98/qrcode-reader-template","2024-01-21T13:57:48Z","push","refs/heads/main"
"hunkim98/qrcode-reader-template","2024-01-21T14:15:49Z","push","refs/heads/main"
"hunkim98/qrcode-reader-template","2024-02-02T17:26:21Z","push","refs/heads/main"
"hunkim98/qrcode-reader-template","2024-02-03T13:15:15Z","push","refs/heads/main"
"hunkim98/qrcode-reader-template","2024-02-03T14:48:03Z","push","refs/heads/main"
"hunkim98/qrcode-reader-template","2024-02-03T14:55:09Z","push","refs/heads/main"
"hunkim98/qrcode-reader-template","2024-02-03T16:54:26Z","push","refs/heads/main"
"hunkim98/qrcode-reader-template","2024-02-03T17:01:18Z","push","refs/heads/main"
"hunkim98/qrcode-reader-template","2024-02-03T17:08:41Z","push","refs/heads/main"
"hunkim98/qrcode-reader-template","2024-02-03T17:11:07Z","push","refs/heads/main"
"hunkim98/qrcode-reader-template","2024-02-12T13:43:46Z","push","refs/heads/main"
"hunkim98/qrcode-reader-template","2024-02-12T15:32:15Z","push","refs/heads/main"
"hunkim98/qrcode-reader-template","2024-02-12T15:41:37Z","push","refs/heads/main"
"hunkim98/qrcode-reader-template","2024-02-12T16:23:28Z","push","refs/heads/main"
"hunkim98/qrcode-reader-template","2024-02-12T16:26:47Z","push","refs/heads/main"
"hunkim98/qrcode-reader-template","2024-02-12T16:29:30Z","push","refs/heads/main"
"hunkim98/qrcode-reader-template","2024-02-12T16:31:47Z","push","refs/heads/main"
"hunkim98/qrcode-reader-template","2024-02-12T16:34:29Z","push","refs/heads/main"
"hunkim98/qrcode-reader-template","2024-02-12T16:49:28Z","push","refs/heads/main"
"hunkim98/qrcode-reader-template","2024-02-12T17:40:06Z","push","refs/heads/main"
"hunkim98/qrcode-reader-template","2024-02-12T17:41:15Z","push","refs/heads/main"
"hunkim98/qrcode-reader-template","2024-02-12T17:43:14Z","push","refs/heads/main"
"hunkim98/qrcode-reader-template","2024-02-14T15:29:15Z","push","refs/heads/main"
"hunkim98/qrcode-reader-template","2024-02-14T15:30:31Z","push","refs/heads/main"
"hunkim98/qrcode-reader-template","2024-02-14T15:33:19Z","push","refs/heads/main"
"hunkim98/qrcode-reader-template","2024-02-18T16:03:46Z","push","refs/heads/main"
"hunkim98/qrcode-reader-template","2024-02-18T16:07:35Z","push","refs/heads/main"
"hunkim98/qrcode-reader-template","2024-02-18T16:10:14Z","push","refs/heads/main"
"hunkim98/qrcode-reader-template","2024-02-18T16:31:36Z","push","refs/heads/main"
"hunkim98/qrcode-reader-template","2024-02-19T16:35:29Z","push","refs/heads/main"
"hunkim98/qrcode-reader-template","2024-02-19T17:15:43Z","push","refs/heads/main"
"hunkim98/qrcode-reader-template","2024-02-19T17:16:10Z","push","refs/heads/main"
"hunkim98/qrcode-reader-template","2024-02-22T15:48:04Z","push","refs/heads/main"
"hunkim98/qrcode-reader-template","2024-02-22T15:49:37Z","push","refs/heads/main"
"hunkim98/qrcode-reader-template","2024-02-22T15:59:57Z","push","refs/heads/main"
"hunkim98/qrcode-reader-template","2024-02-22T16:21:10Z","push","refs/heads/main"
"hunkim98/qrcode-reader-template","2024-02-22T16:30:28Z","push","refs/heads/main"
"hunkim98/qrcode-reader-template","2024-02-22T16:38:05Z","push","refs/heads/main"
"hunkim98/qrcode-reader-template","2024-02-22T16:41:36Z","push","refs/heads/main"
"hunkim98/qrcode-reader-template","2024-02-24T06:05:12Z","push","refs/heads/main"
"hunkim98/qrcode-reader-template","2024-02-24T06:20:30Z","push","refs/heads/main"
"hunkim98/qrcode-reader-template","2024-02-24T08:28:28Z","push","refs/heads/main"
"hunkim98/qrcode-reader-template","2024-02-24T08:32:44Z","push","refs/heads/main"
"hunkim98/qrcode-reader-template","2024-02-28T23:06:34Z","push","refs/heads/main"
"hunkim98/genetic_algorithm","2024-07-07T08:39:09Z","push","refs/heads/main"
"hunkim98/genetic_algorithm","2024-07-14T00:58:11Z","push","refs/heads/main"
"hunkim98/genetic_algorithm","2024-07-14T01:10:10Z","push","refs/heads/main"
"hunkim98/genetic_algorithm","2024-07-14T01:26:55Z","push","refs/heads/main"
"hunkim98/genetic_algorithm","2024-07-18T16:15:22Z","push","refs/heads/main"
"hunkim98/blog","2023-03-07T13:02:53Z","push","refs/heads/main"
"hunkim98/blog","2023-03-07T13:04:08Z","push","refs/heads/gh-pages"
"hunkim98/blog","2023-03-07T13:11:52Z","push","refs/heads/main"
"hunkim98/blog","2023-03-07T13:12:54Z","push","refs/heads/gh-pages"
"hunkim98/blog","2023-03-13T06:21:24Z","push","refs/heads/main"
"hunkim98/blog","2023-03-13T06:23:08Z","push","refs/heads/gh-pages"
"hunkim98/blog","2023-03-15T02:53:07Z","push","refs/heads/main"
"hunkim98/blog","2023-03-15T02:54:10Z","push","refs/heads/gh-pages"
"hunkim98/blog","2023-03-19T17:37:15Z","push","refs/heads/main"
"hunkim98/blog","2023-03-19T17:38:20Z","push","refs/heads/gh-pages"
"hunkim98/blog","2023-04-04T09:10:12Z","push","refs/heads/main"
"hunkim98/blog","2023-04-04T09:11:16Z","push","refs/heads/gh-pages"
"hunkim98/blog","2023-04-27T13:31:16Z","push","refs/heads/main"
"hunkim98/blog","2023-04-27T13:32:23Z","push","refs/heads/gh-pages"
"hunkim98/blog","2023-05-06T18:42:02Z","push","refs/heads/main"
"hunkim98/blog","2023-05-06T18:44:25Z","push","refs/heads/main"
"hunkim98/blog","2023-05-06T18:44:38Z","push","refs/heads/main"
"hunkim98/blog","2023-05-06T18:45:28Z","push","refs/heads/gh-pages"
"hunkim98/blog","2023-05-06T18:45:45Z","push","refs/heads/gh-pages"
"hunkim98/blog","2023-05-06T18:48:08Z","push","refs/heads/main"
"hunkim98/blog","2023-05-06T18:49:10Z","push","refs/heads/gh-pages"
"hunkim98/blog","2023-05-09T03:30:20Z","push","refs/heads/main"
"hunkim98/blog","2023-05-09T03:31:23Z","push","refs/heads/gh-pages"
"hunkim98/blog","2023-05-09T04:13:44Z","push","refs/heads/main"
"hunkim98/blog","2023-05-09T04:17:16Z","push","refs/heads/main"
"hunkim98/blog","2023-05-09T04:18:20Z","push","refs/heads/gh-pages"
"hunkim98/blog","2023-05-09T06:58:51Z","push","refs/heads/main"
"hunkim98/blog","2023-05-09T06:59:55Z","push","refs/heads/gh-pages"
"hunkim98/blog","2023-05-10T04:14:38Z","push","refs/heads/main"
"hunkim98/blog","2023-05-10T04:16:07Z","push","refs/heads/gh-pages"
"hunkim98/blog","2023-06-30T15:44:04Z","push","refs/heads/main"
"hunkim98/blog","2023-06-30T15:45:15Z","push","refs/heads/gh-pages"
"hunkim98/blog","2023-06-30T15:54:33Z","push","refs/heads/main"
"hunkim98/blog","2023-06-30T15:55:43Z","push","refs/heads/gh-pages"
"hunkim98/blog","2023-06-30T16:17:57Z","push","refs/heads/main"
"hunkim98/blog","2023-06-30T16:19:21Z","push","refs/heads/gh-pages"
"hunkim98/blog","2023-07-05T08:00:14Z","push","refs/heads/main"
"hunkim98/blog","2023-07-05T08:01:24Z","push","refs/heads/gh-pages"
"hunkim98/blog","2023-07-05T08:02:08Z","push","refs/heads/main"
"hunkim98/blog","2023-07-05T08:03:16Z","push","refs/heads/gh-pages"
"hunkim98/blog","2023-07-10T03:33:23Z","push","refs/heads/main"
"hunkim98/blog","2023-07-10T03:34:30Z","push","refs/heads/gh-pages"
"hunkim98/blog","2023-07-10T03:49:23Z","push","refs/heads/main"
"hunkim98/blog","2023-07-10T03:50:55Z","push","refs/heads/gh-pages"
"hunkim98/blog","2023-07-10T06:16:05Z","push","refs/heads/main"
"hunkim98/blog","2023-07-10T06:17:17Z","push","refs/heads/gh-pages"
"hunkim98/blog","2023-07-11T16:31:20Z","push","refs/heads/main"
"hunkim98/blog","2023-07-11T16:32:33Z","push","refs/heads/gh-pages"
"hunkim98/blog","2023-07-11T16:38:54Z","push","refs/heads/main"
"hunkim98/blog","2023-07-11T16:40:28Z","push","refs/heads/gh-pages"
"hunkim98/blog","2023-07-11T16:58:06Z","push","refs/heads/main"
"hunkim98/blog","2023-07-11T16:59:23Z","push","refs/heads/gh-pages"
"hunkim98/blog","2023-07-12T11:44:58Z","push","refs/heads/main"
"hunkim98/blog","2023-07-12T11:46:24Z","push","refs/heads/gh-pages"
"hunkim98/blog","2023-07-12T16:49:34Z","push","refs/heads/main"
"hunkim98/blog","2023-07-12T16:50:46Z","push","refs/heads/gh-pages"
"hunkim98/blog","2023-07-15T08:41:35Z","push","refs/heads/main"
"hunkim98/blog","2023-07-15T08:42:50Z","push","refs/heads/gh-pages"
"hunkim98/blog","2023-07-16T15:27:25Z","push","refs/heads/main"
"hunkim98/blog","2023-07-16T15:28:39Z","push","refs/heads/gh-pages"
"hunkim98/blog","2023-07-18T00:43:53Z","push","refs/heads/main"
"hunkim98/blog","2023-07-18T00:45:22Z","push","refs/heads/gh-pages"
"hunkim98/blog","2023-07-27T02:51:47Z","push","refs/heads/main"
"hunkim98/blog","2023-07-27T02:53:05Z","push","refs/heads/gh-pages"
"hunkim98/blog","2023-07-27T03:59:41Z","push","refs/heads/main"
"hunkim98/blog","2023-07-27T04:00:56Z","push","refs/heads/gh-pages"
"hunkim98/blog","2023-07-31T05:07:54Z","push","refs/heads/main"
"hunkim98/blog","2023-07-31T05:09:09Z","push","refs/heads/gh-pages"
"hunkim98/blog","2023-07-31T05:10:58Z","push","refs/heads/main"
"hunkim98/blog","2023-07-31T05:12:25Z","push","refs/heads/gh-pages"
"hunkim98/blog","2023-07-31T05:15:41Z","push","refs/heads/main"
"hunkim98/blog","2023-07-31T05:17:03Z","push","refs/heads/gh-pages"
"hunkim98/blog","2023-08-01T15:48:26Z","push","refs/heads/main"
"hunkim98/blog","2023-08-01T15:51:01Z","push","refs/heads/gh-pages"
"hunkim98/blog","2023-08-19T15:28:13Z","push","refs/heads/main"
"hunkim98/blog","2023-08-19T15:29:30Z","push","refs/heads/gh-pages"
"hunkim98/blog","2023-08-20T13:34:16Z","push","refs/heads/main"
"hunkim98/blog","2023-08-20T13:35:31Z","push","refs/heads/gh-pages"
"hunkim98/blog","2023-08-20T13:38:40Z","push","refs/heads/main"
"hunkim98/blog","2023-08-20T13:39:57Z","push","refs/heads/gh-pages"
"hunkim98/blog","2023-08-20T13:43:38Z","push","refs/heads/main"
"hunkim98/blog","2023-08-20T13:45:11Z","push","refs/heads/gh-pages"
"hunkim98/blog","2023-08-20T15:17:52Z","push","refs/heads/main"
"hunkim98/blog","2023-08-20T15:19:09Z","push","refs/heads/gh-pages"
"hunkim98/blog","2023-09-12T14:31:21Z","push","refs/heads/main"
"hunkim98/blog","2023-09-12T14:32:42Z","push","refs/heads/gh-pages"
"hunkim98/blog","2023-10-20T02:56:12Z","push","refs/heads/main"
"hunkim98/blog","2023-10-20T02:57:38Z","push","refs/heads/gh-pages"
"hunkim98/blog","2023-10-27T16:26:40Z","push","refs/heads/main"
"hunkim98/blog","2023-10-27T16:32:23Z","push","refs/heads/main"
"hunkim98/blog","2023-10-27T16:35:08Z","push","refs/heads/main"
"hunkim98/blog","2023-10-27T16:57:08Z","push","refs/heads/main"
"hunkim98/blog","2023-10-27T16:59:11Z","push","refs/heads/main"
"hunkim98/blog","2023-10-27T17:01:29Z","push","refs/heads/main"
"hunkim98/blog","2023-10-27T17:03:07Z","push","refs/heads/gh-pages"
"hunkim98/blog","2023-11-14T13:00:07Z","push","refs/heads/gh-pages"
"hunkim98/blog","2023-11-14T14:00:14Z","push","refs/heads/main"
"hunkim98/blog","2023-11-14T14:19:00Z","push","refs/heads/gh-pages"
"hunkim98/blog","2023-11-14T14:19:07Z","push","refs/heads/gh-pages"
"hunkim98/blog","2023-11-14T14:20:33Z","push","refs/heads/gh-pages"
"hunkim98/blog","2023-11-14T14:21:47Z","push","refs/heads/gh-pages"
"hunkim98/blog","2023-11-14T14:22:44Z","push","refs/heads/gh-pages"
"hunkim98/blog","2023-11-14T14:30:51Z","push","refs/heads/gh-pages"
"hunkim98/blog","2023-11-14T14:38:03Z","push","refs/heads/main"
"hunkim98/blog","2023-11-14T14:40:14Z","push","refs/heads/main"
"hunkim98/blog","2023-11-14T14:41:17Z","push","refs/heads/gh-pages"
"hunkim98/blog","2023-11-14T14:56:42Z","push","refs/heads/main"
"hunkim98/blog","2023-11-14T14:58:29Z","push","refs/heads/gh-pages"
"hunkim98/blog","2023-11-16T08:49:35Z","push","refs/heads/main"
"hunkim98/blog","2023-11-18T08:11:42Z","push","refs/heads/main"
"hunkim98/blog","2023-11-18T08:15:45Z","push","refs/heads/main"
"hunkim98/blog","2023-11-18T08:18:49Z","push","refs/heads/main"
"hunkim98/blog","2023-11-18T08:21:53Z","push","refs/heads/main"
"hunkim98/blog","2023-11-18T08:25:31Z","push","refs/heads/main"
"hunkim98/blog","2023-11-18T08:27:09Z","push","refs/heads/main"
"hunkim98/blog","2023-11-18T08:35:24Z","push","refs/heads/main"
"hunkim98/blog","2023-11-18T08:36:39Z","push","refs/heads/main"
"hunkim98/blog","2023-11-18T08:37:51Z","push","refs/heads/gh-pages"
"hunkim98/blog","2023-11-18T08:39:52Z","push","refs/heads/main"
"hunkim98/blog","2023-11-18T08:41:04Z","push","refs/heads/gh-pages"
"hunkim98/blog","2023-11-18T08:48:29Z","push","refs/heads/main"
"hunkim98/blog","2023-11-18T08:49:42Z","push","refs/heads/gh-pages"
"hunkim98/blog","2023-11-28T08:57:07Z","push","refs/heads/main"
"hunkim98/blog","2023-11-28T08:58:25Z","push","refs/heads/gh-pages"
"hunkim98/blog","2023-12-05T06:06:00Z","push","refs/heads/main"
"hunkim98/blog","2023-12-05T06:07:23Z","push","refs/heads/gh-pages"
"hunkim98/blog","2023-12-05T14:22:51Z","push","refs/heads/main"
"hunkim98/blog","2023-12-05T14:24:06Z","push","refs/heads/gh-pages"
"hunkim98/blog","2023-12-05T14:41:55Z","push","refs/heads/main"
"hunkim98/blog","2023-12-05T14:43:09Z","push","refs/heads/gh-pages"
"hunkim98/blog","2023-12-05T14:50:09Z","push","refs/heads/main"
"hunkim98/blog","2023-12-05T14:51:27Z","push","refs/heads/gh-pages"
"hunkim98/blog","2023-12-05T14:54:17Z","push","refs/heads/main"
"hunkim98/blog","2023-12-05T14:55:31Z","push","refs/heads/gh-pages"
"hunkim98/blog","2023-12-05T14:58:29Z","push","refs/heads/main"
"hunkim98/blog","2023-12-05T14:59:42Z","push","refs/heads/gh-pages"
"hunkim98/blog","2024-01-16T03:36:39Z","push","refs/heads/main"
"hunkim98/blog","2024-01-16T03:37:53Z","push","refs/heads/gh-pages"
"hunkim98/blog","2024-03-02T15:44:44Z","push","refs/heads/main"
"hunkim98/blog","2024-03-02T15:46:07Z","push","refs/heads/gh-pages"
"hunkim98/blog","2024-03-02T15:56:24Z","push","refs/heads/main"
"hunkim98/blog","2024-03-02T15:57:44Z","push","refs/heads/gh-pages"
"hunkim98/blog","2024-08-06T18:08:36Z","push","refs/heads/main"
"hunkim98/blog","2024-08-06T18:09:54Z","push","refs/heads/gh-pages"
"hunkim98/skt-quizrally","2024-04-05T15:41:27Z","push","refs/heads/main"
"hunkim98/skt-quizrally","2024-04-05T15:42:39Z","push","refs/heads/main"
"hunkim98/skt-quizrally","2024-04-05T15:44:57Z","push","refs/heads/main"
"hunkim98/skt-quizrally","2024-04-07T06:27:26Z","push","refs/heads/main"
"hunkim98/skt-quizrally","2024-04-07T11:13:56Z","push","refs/heads/main"
"hunkim98/skt-quizrally","2024-04-07T15:14:45Z","push","refs/heads/main"
"hunkim98/skt-quizrally","2024-04-07T15:22:20Z","push","refs/heads/main"
"hunkim98/skt-quizrally","2024-04-08T17:00:37Z","push","refs/heads/main"
"hunkim98/skt-quizrally","2024-04-10T15:25:40Z","push","refs/heads/main"
"hunkim98/skt-quizrally","2024-04-10T15:35:41Z","push","refs/heads/main"
"hunkim98/skt-quizrally","2024-04-12T21:33:53Z","push","refs/heads/main"
"hunkim98/skt-quizrally","2024-04-14T11:19:49Z","push","refs/heads/main"
"hunkim98/skt-quizrally","2024-04-17T02:22:46Z","push","refs/heads/main"
"hunkim98/skt-quizrally","2024-04-17T02:47:13Z","push","refs/heads/main"
"hunkim98/skt-quizrally","2024-04-17T03:55:46Z","push","refs/heads/main"
"hunkim98/skt-quizrally","2024-04-17T04:25:58Z","push","refs/heads/main"
"hunkim98/skt-quizrally","2024-04-17T15:20:06Z","push","refs/heads/main"
