"keyword","count","parents"
"nan","65","next,react-scripts,react-icons,next-redux-wrapper,@emotion/react,eslint-config-next,date-fns,nan,@emotion/styled,@headlessui/react,@nestjs/common,@nestjs/config,@nestjs/core,@nestjs/jwt,@nestjs/mapped-types,@nestjs/passport,@nestjs/platform-express,@nestjs/swagger,class-transformer,class-validator,http-proxy,@adobe/react-spectrum,tailwindcss,@tabler/icons-react,recoil,html2canvas,cloudinary-react,fit-curve,yorkie-js-sdk,@chakra-ui/icons,openai,@react-spectrum/color,@spectrum-icons/workflow,@nestjs/axios,package-json-versionify,@next/font,jade,amd-loader,@aws-sdk/client-s3,@tanstack/react-query,supabase,superjson,react-adfit-web-component,resend,@elastic/datemath,@elastic/eui,json-server,pretendard,p5,@next/mdx,@tailwindcss/line-clamp,remark-highlight.js,remark-html-katex,remark-react,@react-icons/all-files,isomorphic-unfetch,lqip-modern,notion-client,notion-types,notion-utils,posthog-js,react-notion-x,react-tweet-embed,react-use,@capacitor/core"
"react","62","react,react-dom,@reduxjs/toolkit,react-redux,react-router-dom,styled-components,framer-motion,@mantine/core,@mantine/hooks,@mantine/form,react-transition-group,@emotion/server,@mantine/modals,@mantine/next,@wojtekmaj/react-datetimerange-picker,react-loading,react-qr-reader,react-spring,react-spring-bottom-sheet,react-use-gesture,react-color,@react-three/drei,@react-three/fiber,@react-oauth/google,next-cookie,html-react-parser,react-quill,react-p5,recharts,react-router,classnames,react-dropzone,@chakra-ui/react,react-bootstrap,react-channel-plugin,@mantine/dates,@mantine/rte,@tabler/icons,@mantine/carousel,@mantine/dropzone,embla-carousel-react,react-konva,tailwind-styled-components,use-image,@react-email/components,prop-types,react-beautiful-dnd,react-router-transition,react-select,hamburger-react,react-webcam,enzyme,@mdx-js/loader,@mdx-js/react,remark-images,react-draggable,@fisch0920/use-dark-mode,next-api-og-image,react-body-classname,react-hot-toast,@ionic/react,@ionic/react-router"
"markdown","15","@mdx-js/loader,@mdx-js/mdx,@mdx-js/react,gray-matter,mdx,next-mdx-remote,rehype-katex,remark,remark-html,remark-images,remark-math,remark-parse,remark-prism,remark-rehype,remark-unwrap-images"
"remark","13","@mdx-js/loader,@mdx-js/mdx,@mdx-js/react,rehype-katex,remark,remark-html,remark-images,remark-math,remark-parse,remark-prism,remark-rehype,remark-unwrap-images,unified"
"react-component","12","react-loading,react-color,@react-oauth/google,react-quill,recharts,react-dropzone,react-bootstrap,react-select,react-animation-on-scroll,react-webcam,react-draggable,react-body-classname"
"plugin","12","rehype-katex,rehype-stringify,remark-html,remark-images,remark-math,remark-parse,remark-rehype,remark-unwrap-images,@capacitor/app,@capacitor/haptics,@capacitor/keyboard,@capacitor/status-bar"
"workbox","12","workbox-background-sync,workbox-broadcast-update,workbox-cacheable-response,workbox-core,workbox-expiration,workbox-google-analytics,workbox-navigation-preload,workbox-precaching,workbox-range-requests,workbox-routing,workbox-strategies,workbox-streams"
"workboxjs","12","workbox-background-sync,workbox-broadcast-update,workbox-cacheable-response,workbox-core,workbox-expiration,workbox-google-analytics,workbox-navigation-preload,workbox-precaching,workbox-range-requests,workbox-routing,workbox-strategies,workbox-streams"
"service worker","12","workbox-background-sync,workbox-broadcast-update,workbox-cacheable-response,workbox-core,workbox-expiration,workbox-google-analytics,workbox-navigation-preload,workbox-precaching,workbox-range-requests,workbox-routing,workbox-strategies,workbox-streams"
"sw","12","workbox-background-sync,workbox-broadcast-update,workbox-cacheable-response,workbox-core,workbox-expiration,workbox-google-analytics,workbox-navigation-preload,workbox-precaching,workbox-range-requests,workbox-routing,workbox-strategies,workbox-streams"
"next","11","@mantine/core,@mantine/hooks,@mantine/modals,@mantine/next,next-cookie,@mantine/dates,@mantine/rte,@mantine/carousel,@mantine/dropzone,jose,next-mdx-remote"
"javascript","10","typescript,eslint,three,reflect-metadata,coingecko-api,@svgedit/svgcanvas,@supabase/supabase-js,embla-carousel-react,enzyme,gray-matter"
"css","10","styled-components,react-transition-group,@emotion/server,autoprefixer,postcss,classnames,bootstrap,plaiceholder,tailwind-styled-components,node-sass"
"nextjs","10","@mantine/core,@mantine/hooks,@mantine/modals,@mantine/next,@mantine/dates,@mantine/rte,@mantine/carousel,@mantine/dropzone,jose,next-api-og-image"
"unified","10","rehype-katex,rehype-stringify,remark,remark-html,remark-images,remark-math,remark-parse,remark-rehype,remark-unwrap-images,unified"
"ui","9","@mantine/core,@mantine/modals,swagger-ui-express,@chakra-ui/react,@mantine/dates,@mantine/rte,@mantine/carousel,@mantine/dropzone,react-select"
"express","9","@nestjs/throttler,aws-serverless-express,passport,swagger-ui-express,express,http-proxy-middleware,morgan,cors,multer"
"html","9","handlebars,html-react-parser,jsdom,nodemailer-express-handlebars,rehype-katex,rehype-stringify,remark-html,remark-rehype,html-to-image"
"http","8","axios,express,http-proxy-middleware,http-errors,morgan,download,got,node-fetch"
"components","8","@mantine/core,@mantine/modals,@chakra-ui/react,react-bootstrap,@mantine/dates,@mantine/rte,@mantine/carousel,@mantine/dropzone"
"library","8","@mantine/core,@mantine/hooks,@mantine/modals,@chakra-ui/react,@mantine/dates,@mantine/rte,@mantine/carousel,@mantine/dropzone"
"canvas","8","three,canvas,fabric,konva,qrcode,react-konva,use-image,html-to-image"
"mdast","8","rehype-katex,remark,remark-html,remark-images,remark-math,remark-parse,remark-rehype,remark-unwrap-images"
"animation","7","framer-motion,react-transition-group,react-spring,react-spring-bottom-sheet,react-router-transition,hamburger-react,react-animation-on-scroll"
"middleware","7","redux-logger,cookie-parser,http-proxy-middleware,redux-thunk,morgan,cors,multer"
"frontend","7","@mantine/core,@mantine/hooks,@mantine/modals,@mantine/dates,@mantine/rte,@mantine/carousel,@mantine/dropzone"
"svg","7","three,sharp,@svgedit/svgcanvas,plaiceholder,@tabler/icons,html-to-image,ionicons"
"parse","7","date-fns-tz,moment,gray-matter,remark,remark-parse,unified,papaparse"
"image","7","sharp,anonymous-animals-gen,canvas,use-image,remark-images,remark-unwrap-images,html-to-image"
"remark-plugin","7","remark-html,remark-images,remark-math,remark-parse,remark-prism,remark-rehype,remark-unwrap-images"
"ui-kit","6","@mantine/core,@mantine/modals,@mantine/dates,@mantine/rte,@mantine/carousel,@mantine/dropzone"
"time","6","@wojtekmaj/react-datetimerange-picker,date-fns-tz,dayjs,@mantine/dates,moment,p-memoize"
"typescript","6","react-spring,react-spring-bottom-sheet,prisma-class-generator,@supabase/supabase-js,embla-carousel-react,zod"
"web","6","express,bootstrap,@tabler/icons,@kfonts/nanum-gothic,@kfonts/nanum-myeongjo,@kfonts/ridi-batang"
"jsx","6","react-konva,@mdx-js/loader,@mdx-js/mdx,@mdx-js/react,remark-images,react-body-classname"
"redux","5","@reduxjs/toolkit,react-redux,redux-logger,redux,redux-thunk"
"reactjs","5","react-redux,@react-oauth/google,recharts,hamburger-react,enzyme"
"router","5","react-router-dom,express,react-router,workbox-routing,workbox-strategies"
"ast","5","eslint,rehype-stringify,remark,remark-parse,unified"
"date","5","@wojtekmaj/react-datetimerange-picker,date-fns-tz,dayjs,@mantine/dates,moment"
"api","5","aws-serverless-express,googleapis,express,coingecko-api,aws-sdk"
"parser","5","postcss,html-react-parser,fabric,gray-matter,papaparse"
"front-end","5","bootstrap,@tabler/icons,@kfonts/nanum-gothic,@kfonts/nanum-myeongjo,@kfonts/ridi-batang"
"mdx","5","@mdx-js/loader,@mdx-js/mdx,@mdx-js/react,next-mdx-remote,remark-images"
"syntax","5","highlight.js,rehype-stringify,remark,remark-parse,unified"
"cache","5","@keyvhq/core,@keyvhq/redis,expiry-map,p-memoize,workbox-range-requests"
"workbox-plugin","5","workbox-background-sync,workbox-broadcast-update,workbox-cacheable-response,workbox-expiration,workbox-range-requests"
"promise","4","axios,node-fetch,p-map,p-memoize"
"immutable","4","@reduxjs/toolkit,redux,date-fns-tz,dayjs"
"routing","4","react-router-dom,react-router,workbox-routing,workbox-strategies"
"history","4","react-router-dom,react-router,fabric-history,history"
"three","4","framer-motion,three,@react-three/drei,@react-three/fiber"
"hooks","4","@mantine/hooks,react-spring,hamburger-react,@fisch0920/use-dark-mode"
"react-hooks","4","@mantine/hooks,react-channel-plugin,use-image,@fisch0920/use-dark-mode"
"data","4","ml-matrix,regression,gray-matter,papaparse"
"client","4","@prisma/client,googleapis,mysql2,js-cookie"
"framework","4","express,bootstrap,@ionic/react,@ionic/react-router"
"rehype","4","rehype-katex,rehype-stringify,remark-rehype,unified"
"compile","4","rehype-stringify,remark,remark-html,unified"
"stringify","4","rehype-stringify,remark,remark-html,unified"
"tree","4","rehype-stringify,remark,remark-parse,unified"
"ttl","4","@keyvhq/core,@keyvhq/redis,expiry-map,p-memoize"
"capacitor","4","@capacitor/app,@capacitor/haptics,@capacitor/keyboard,@capacitor/status-bar"
"native","4","@capacitor/app,@capacitor/haptics,@capacitor/keyboard,@capacitor/status-bar"
"css-in-js","3","styled-components,@emotion/server,tailwind-styled-components"
"drag","3","framer-motion,react-use-gesture,react-dropzone"
"random","3","nanoid,anonymous-animals-gen,randomcolor"
"url","3","nanoid,download,got"
"state","3","@mantine/hooks,@mantine/form,redux"
"form","3","@mantine/form,multer,react-select"
"transition","3","react-transition-group,react-router-transition,hamburger-react"
"flux","3","redux,redux-thunk,enzyme"
"value","3","ml-matrix,@keyvhq/core,@keyvhq/redis"
"auth","3","bcryptjs,passport,passport-local"
"authentication","3","bcryptjs,passport,passport-local"
"cookie","3","cookie-parser,next-cookie,js-cookie"
"browser","3","multi-download,jose,js-cookie"
"download","3","multi-download,download,downloadjs"
"google","3","googleapis,anonymous-animals-gen,workbox-google-analytics"
"connect","3","passport,http-proxy-middleware,cors"
"documentation","3","swagger-ui-express,gray-matter,mdx"
"dom","3","html-react-parser,jsdom,html-to-image"
"text","3","react-quill,@mantine/rte,papaparse"
"app","3","express,@ionic/react,@ionic/react-router"
"generator","3","randomcolor,prisma-class-generator,gray-matter"
"upload","3","react-dropzone,multiparty,@mantine/dropzone"
"webpack","3","file-loader,@mdx-js/loader,sass-loader"
"sass","3","bootstrap,node-sass,sass-loader"
"graphic","3","canvas,fabric,konva"
"component","3","react-bootstrap,react-body-classname,ionicons"
"stream","3","multiparty,from,papaparse"
"@kfonts","3","@kfonts/nanum-gothic,@kfonts/nanum-myeongjo,@kfonts/ridi-batang"
"font","3","@kfonts/nanum-gothic,@kfonts/nanum-myeongjo,@kfonts/ridi-batang"
"font family","3","@kfonts/nanum-gothic,@kfonts/nanum-myeongjo,@kfonts/ridi-batang"
"typeface","3","@kfonts/nanum-gothic,@kfonts/nanum-myeongjo,@kfonts/ridi-batang"
"webfont","3","@kfonts/nanum-gothic,@kfonts/nanum-myeongjo,@kfonts/ridi-batang"
"korean","3","@kfonts/nanum-gothic,@kfonts/nanum-myeongjo,@kfonts/ridi-batang"
"rehype-plugin","3","rehype-katex,rehype-stringify,remark-rehype"
"abstract","3","rehype-stringify,remark,remark-parse"
"serialize","3","rehype-stringify,remark,unified"
"request","3","download,got,node-fetch"
"caching","3","expiry-map,p-memoize,workbox-range-requests"
"ionic","3","@ionic/react,@ionic/react-router,ionicons"
"mobile","3","@ionic/react,@ionic/react-router,ionicons"
"xhr","2","axios,node-fetch"
"TypeScript","2","typescript,@prisma/client"
"performance","2","web-vitals,p-memoize"
"reducer","2","@reduxjs/toolkit,redux"
"route","2","react-router-dom,react-router"
"link","2","react-router-dom,react-router"
"styled-components","2","styled-components,tailwind-styled-components"
"3d","2","framer-motion,three"
"spring","2","framer-motion,react-spring"
"uuid","2","nanoid,uuid"
"logger","2","redux-logger,morgan"
"transitions","2","react-transition-group,hamburger-react"
"html5","2","three,konva"
"password","2","bcryptjs,passport-local"
"emotion","2","@emotion/server,@chakra-ui/react"
"modal","2","@mantine/modals,react-spring-bottom-sheet"
"parallel","2","multi-download,p-map"
"files","2","multi-download,downloadjs"
"calendar","2","@wojtekmaj/react-datetimerange-picker,@mantine/dates"
"format","2","date-fns-tz,moment"
"qr","2","react-qr-reader,qrcode"
"qrcode","2","react-qr-reader,qrcode"
"motion","2","react-spring,react-spring-bottom-sheet"
"react-native","2","react-spring,@prisma/client"
"popup","2","react-spring-bottom-sheet,react-color"
"touch","2","react-use-gesture,embla-carousel-react"
"scroll","2","react-use-gesture,react-animation-on-scroll"
"picker","2","react-color,@mantine/dates"
"material design","2","react-color,ionicons"
"threejs","2","@react-three/drei,@react-three/fiber"
"nestjs","2","@nestjs/throttler,prisma-class-generator"
"fastify","2","@nestjs/throttler,http-proxy-middleware"
"ws","2","@nestjs/throttler,http-proxy-middleware"
"Postgres","2","@prisma/client,@supabase/ssr"
"lambda","2","aws-lambda,aws-serverless-express"
"aws","2","aws-serverless-express,aws-sdk"
"serverless","2","aws-serverless-express,next-api-og-image"
"handlebars","2","handlebars,nodemailer-express-handlebars"
"template","2","handlebars,gray-matter"
"Nodemailer","2","nodemailer,nodemailer-smtp-transport"
"authn","2","passport,passport-local"
"JSON","2","passport-jwt,gray-matter"
"passport","2","passport-local,passport-kakao"
"recursive","2","rimraf,deepmerge"
"json","2","swagger-ui-express,jsondiffpatch"
"postcss","2","autoprefixer,postcss"
"preprocessor","2","postcss,node-sass"
"transform","2","postcss,unified"
"rich-text","2","react-quill,@mantine/rte"
"quill","2","react-quill,@mantine/rte"
"png","2","sharp,@tabler/icons"
"https","2","http-proxy-middleware,got"
"next.js","2","http-proxy-middleware,next-mdx-remote"
"cors","2","http-proxy-middleware,cors"
"s3","2","aws-sdk,multiparty"
"moment","2","dayjs,moment"
"util","2","classnames,lodash"
"design-system","2","@chakra-ui/react,@chakra-ui/react"
"accessible","2","@chakra-ui/react,react-beautiful-dnd"
"graphics","2","canvas,fabric"
"whatwg","2","jsdom,node-fetch"
"modules","2","eslint-plugin-import,lodash"
"file","2","multiparty,papaparse"
"placeholder","2","placeholder,plaiceholder"
"icons","2","@tabler/icons,hamburger-react"
"carousel","2","@mantine/carousel,embla-carousel-react"
"slider","2","@mantine/carousel,embla-carousel-react"
"vue","2","embla-carousel-react,@mdx-js/loader"
"validate","2","jose,moment"
"workers","2","jose,papaparse"
"animations","2","konva,hamburger-react"
"analysis","2","regression,sentiment"
"icon","2","hamburger-react,ionicons"
"navigation","2","hamburger-react,workbox-navigation-preload"
"extract","2","gray-matter,download"
"parsing","2","gray-matter,papaparse"
"hast","2","rehype-katex,remark-rehype"
"katex","2","rehype-katex,remark-math"
"latex","2","rehype-katex,remark-math"
"math","2","rehype-katex,remark-math"
"tex","2","rehype-katex,remark-math"
"process","2","remark,unified"
"streams","2","from,workbox-streams"
"libsass","2","node-sass,sass-loader"
"key","2","@keyvhq/core,@keyvhq/redis"
"keyv","2","@keyvhq/core,@keyvhq/redis"
"store","2","@keyvhq/core,@keyvhq/redis"
"map","2","expiry-map,p-map"
"expire","2","expiry-map,p-memoize"
"analytics","2","fathom-client,workbox-google-analytics"
"curl","2","got,node-fetch"
"wget","2","got,node-fetch"
"fetch","2","got,node-fetch"
"async","2","p-map,p-memoize"
"await","2","p-map,p-memoize"
"promises","2","p-map,p-memoize"
"bluebird","2","p-map,p-memoize"
"hybrid","2","@ionic/react,@ionic/react-router"
"webapp","2","@ionic/react,@ionic/react-router"
"cordova","2","@ionic/react,@ionic/react-router"
"progressive web app","2","@ionic/react,@ionic/react-router"
"pwa","2","@ionic/react,@ionic/react-router"
"ajax","1","axios"
"node","1","axios"
"Microsoft","1","typescript"
"compiler","1","typescript"
"language","1","typescript"
"crux","1","web-vitals"
"metrics","1","web-vitals"
"Core Web Vitals","1","web-vitals"
"CLS","1","web-vitals"
"FCP","1","web-vitals"
"FID","1","web-vitals"
"INP","1","web-vitals"
"LCP","1","web-vitals"
"TTFB","1","web-vitals"
"starter","1","@reduxjs/toolkit"
"toolkit","1","@reduxjs/toolkit"
"slice","1","@reduxjs/toolkit"
"immer","1","@reduxjs/toolkit"
"redux-toolkit","1","@reduxjs/toolkit"
"styling","1","styled-components"
"React","1","dotting"
"Component","1","dotting"
"Pixel","1","dotting"
"Art","1","dotting"
"Editor","1","dotting"
"react animation","1","framer-motion"
"pose","1","framer-motion"
"react pose","1","framer-motion"
"gestures","1","framer-motion"
"popmotion","1","framer-motion"
"framer","1","framer-motion"
"waapi","1","framer-motion"
"id","1","nanoid"
"redux-logger","1","redux-logger"
"design","1","@mantine/core"
"lint","1","eslint"
"ecmascript","1","eslint"
"espree","1","eslint"
"guid","1","uuid"
"rfc4122","1","uuid"
"rfc9562","1","uuid"
"mongodb","1","mongodb"
"driver","1","mongodb"
"official","1","mongodb"
"addons","1","react-transition-group"
"transition-group","1","react-transition-group"
"predictable","1","redux"
"functional","1","redux"
"hot","1","redux"
"live","1","redux"
"replay","1","redux"
"elm","1","redux"
"matrix","1","ml-matrix"
"decomposition","1","ml-matrix"
"SVD","1","ml-matrix"
"singular","1","ml-matrix"
"EVD","1","ml-matrix"
"eigenvalue","1","ml-matrix"
"LU","1","ml-matrix"
"Qr","1","ml-matrix"
"Cholesky","1","ml-matrix"
"mining","1","ml-matrix"
"datamining","1","ml-matrix"
"machine","1","ml-matrix"
"learning","1","ml-matrix"
"three.js","1","three"
"virtual-reality","1","three"
"augmented-reality","1","three"
"webgl","1","three"
"webgl2","1","three"
"webaudio","1","three"
"webgpu","1","three"
"webxr","1","three"
"bcrypt","1","bcryptjs"
"encryption","1","bcryptjs"
"crypt","1","bcryptjs"
"crypto","1","bcryptjs"
"Rx","1","rxjs"
"RxJS","1","rxjs"
"ReactiveX","1","rxjs"
"ReactiveExtensions","1","rxjs"
"Streams","1","rxjs"
"Observables","1","rxjs"
"Observable","1","rxjs"
"Stream","1","rxjs"
"ES6","1","rxjs"
"ES2015","1","rxjs"
"styles","1","@emotion/server"
"ssr","1","@emotion/server"
"server-side-rendering","1","@emotion/server"
"confirm","1","@mantine/modals"
"multiple","1","multi-download"
"upbit","1","node-upbit"
"Rest Api","1","node-upbit"
"Node.js","1","node-upbit"
"업비트","1","node-upbit"
"업비트 API","1","node-upbit"
"date-picker","1","@wojtekmaj/react-datetimerange-picker"
"date-range","1","@wojtekmaj/react-datetimerange-picker"
"date-range-picker","1","@wojtekmaj/react-datetimerange-picker"
"datetime","1","@wojtekmaj/react-datetimerange-picker"
"datetime-picker","1","@wojtekmaj/react-datetimerange-picker"
"datetime-range","1","@wojtekmaj/react-datetimerange-picker"
"datetime-range-picker","1","@wojtekmaj/react-datetimerange-picker"
"time-picker","1","@wojtekmaj/react-datetimerange-picker"
"date-fns","1","date-fns-tz"
"timezone","1","date-fns-tz"
"time zone","1","date-fns-tz"
"loading","1","react-loading"
"qrreader","1","react-qr-reader"
"animated","1","react-spring"
"velocity","1","react-spring"
"bottom-drawer","1","react-spring-bottom-sheet"
"bottom-sheet","1","react-spring-bottom-sheet"
"bottomsheet","1","react-spring-bottom-sheet"
"dialog","1","react-spring-bottom-sheet"
"drag-drop","1","react-spring-bottom-sheet"
"draggableview","1","react-spring-bottom-sheet"
"drawer","1","react-spring-bottom-sheet"
"gesture-control","1","react-spring-bottom-sheet"
"overlay","1","react-spring-bottom-sheet"
"react-spring","1","react-spring-bottom-sheet"
"react-use-gesture","1","react-spring-bottom-sheet"
"sheet","1","react-spring-bottom-sheet"
"hook","1","react-use-gesture"
"gesture","1","react-use-gesture"
"mouse","1","react-use-gesture"
"trackpad","1","react-use-gesture"
"pinch","1","react-use-gesture"
"rotate","1","react-use-gesture"
"scale","1","react-use-gesture"
"zoom","1","react-use-gesture"
"wheel","1","react-use-gesture"
"color picker","1","react-color"
"colorpicker","1","react-color"
"sketch","1","react-color"
"chrome","1","react-color"
"photoshop","1","react-color"
"react-three-fiber","1","@react-three/drei"
"renderer","1","@react-three/fiber"
"fiber","1","@react-three/fiber"
"rate-limit","1","@nestjs/throttler"
"throttle","1","@nestjs/throttler"
"gql","1","@nestjs/throttler"
"nest","1","@nestjs/throttler"
"ORM","1","@prisma/client"
"Prisma","1","@prisma/client"
"prisma2","1","@prisma/client"
"Prisma Client","1","@prisma/client"
"query","1","@prisma/client"
"query-builder","1","@prisma/client"
"database","1","@prisma/client"
"db","1","@prisma/client"
"JavaScript","1","@prisma/client"
"JS","1","@prisma/client"
"TS","1","@prisma/client"
"SQL","1","@prisma/client"
"SQLite","1","@prisma/client"
"pg","1","@prisma/client"
"PostgreSQL","1","@prisma/client"
"CockroachDB","1","@prisma/client"
"MySQL","1","@prisma/client"
"MariaDB","1","@prisma/client"
"MSSQL","1","@prisma/client"
"SQL Server","1","@prisma/client"
"SQLServer","1","@prisma/client"
"MongoDB","1","@prisma/client"
"aws lambda","1","aws-lambda"
"deploy","1","aws-lambda"
"deploy lambda","1","aws-lambda"
"gateway","1","aws-serverless-express"
"dotenv","1","dotenv"
"env","1","dotenv"
".env","1","dotenv"
"environment","1","dotenv"
"variables","1","dotenv"
"config","1","dotenv"
"settings","1","dotenv"
"google apis","1","googleapis"
"client library","1","googleapis"
"mustache","1","handlebars"
"mysql","1","mysql2"
"server","1","mysql2"
"SMTP","1","nodemailer-smtp-transport"
"Passport","1","passport-jwt"
"Strategy","1","passport-jwt"
"Web","1","passport-jwt"
"Token","1","passport-jwt"
"JWT","1","passport-jwt"
"local","1","passport-local"
"username","1","passport-local"
"decorator","1","reflect-metadata"
"metadata","1","reflect-metadata"
"reflect","1","reflect-metadata"
"rm","1","rimraf"
"rm -rf","1","rimraf"
"rm -fr","1","rimraf"
"remove","1","rimraf"
"directory","1","rimraf"
"cli","1","rimraf"
"rmdir","1","rimraf"
"swagger","1","swagger-ui-express"
"react-oauth-google","1","@react-oauth/google"
"react-google-login","1","@react-oauth/google"
"react-social-login","1","@react-oauth/google"
"react-oauth","1","@react-oauth/google"
"react-login","1","@react-oauth/google"
"google-login","1","@react-oauth/google"
"google-oAuth2","1","@react-oauth/google"
"google-oAuth","1","@react-oauth/google"
"isomophic","1","next-cookie"
"universal","1","next-cookie"
"autoprefixer","1","autoprefixer"
"prefix","1","autoprefixer"
"postcss-plugin","1","autoprefixer"
"rework","1","postcss"
"source map","1","postcss"
"manipulation","1","postcss"
"transpiler","1","postcss"
"html-react-parser","1","html-react-parser"
"rich","1","react-quill"
"textarea","1","react-quill"
"jpeg","1","sharp"
"webp","1","sharp"
"avif","1","sharp"
"tiff","1","sharp"
"gif","1","sharp"
"jp2","1","sharp"
"dzi","1","sharp"
"resize","1","sharp"
"thumbnail","1","sharp"
"crop","1","sharp"
"embed","1","sharp"
"libvips","1","sharp"
"vips","1","sharp"
"sinatra","1","express"
"rest","1","express"
"restful","1","express"
"coingecko","1","coingecko-api"
"cryptocurrency","1","coingecko-api"
"api-wrapper","1","coingecko-api"
"dependency-less","1","coingecko-api"
"no-dependencies","1","coingecko-api"
"nodejs","1","coingecko-api"
"npm","1","coingecko-api"
"api-client","1","coingecko-api"
"reverse","1","http-proxy-middleware"
"proxy","1","http-proxy-middleware"
"polka","1","http-proxy-middleware"
"browser-sync","1","http-proxy-middleware"
"gulp","1","http-proxy-middleware"
"grunt-contrib-connect","1","http-proxy-middleware"
"websocket","1","http-proxy-middleware"
"p5","1","react-p5"
"p5js","1","react-p5"
"amazon","1","aws-sdk"
"ec2","1","aws-sdk"
"simpledb","1","aws-sdk"
"sqs","1","aws-sdk"
"ses","1","aws-sdk"
"sns","1","aws-sdk"
"route53","1","aws-sdk"
"rds","1","aws-sdk"
"elasticache","1","aws-sdk"
"cloudfront","1","aws-sdk"
"fps","1","aws-sdk"
"cloudformation","1","aws-sdk"
"cloudwatch","1","aws-sdk"
"dynamodb","1","aws-sdk"
"iam","1","aws-sdk"
"swf","1","aws-sdk"
"autoscaling","1","aws-sdk"
"cloudsearch","1","aws-sdk"
"elb","1","aws-sdk"
"loadbalancing","1","aws-sdk"
"emr","1","aws-sdk"
"mapreduce","1","aws-sdk"
"importexport","1","aws-sdk"
"storagegateway","1","aws-sdk"
"workflow","1","aws-sdk"
"ebs","1","aws-sdk"
"vpc","1","aws-sdk"
"beanstalk","1","aws-sdk"
"glacier","1","aws-sdk"
"kinesis","1","aws-sdk"
"cloudtrail","1","aws-sdk"
"waf","1","aws-sdk"
"dayjs","1","dayjs"
"chart","1","recharts"
"classes","1","classnames"
"classname","1","classnames"
"classnames","1","classnames"
"utility","1","classnames"
"animals","1","anonymous-animals-gen"
"anonymous","1","anonymous-animals-gen"
"animal","1","anonymous-animals-gen"
"attractive","1","randomcolor"
"color","1","randomcolor"
"drop","1","react-dropzone"
"thunk","1","redux-thunk"
"redux-middleware","1","redux-thunk"
"react-components","1","@chakra-ui/react"
"uikit","1","@chakra-ui/react"
"svg-editor","1","@svgedit/svgcanvas"
"svg-edit","1","@svgedit/svgcanvas"
"svgcanvas","1","@svgedit/svgcanvas"
"mobile-first","1","bootstrap"
"responsive","1","bootstrap"
"pixman","1","canvas"
"cairo","1","canvas"
"images","1","canvas"
"pdf","1","canvas"
"SVG","1","fabric"
"node-canvas","1","fabric"
"HTML5","1","fabric"
"object model","1","fabric"
"fabric","1","fabric-history"
"fabricjs","1","fabric-history"
"undo","1","fabric-history"
"redo","1","fabric-history"
"w3c","1","jsdom"
"bootstrap","1","react-bootstrap"
"ecosystem-react","1","react-bootstrap"
"eslint","1","eslint-plugin-import"
"eslintplugin","1","eslint-plugin-import"
"eslint-plugin","1","eslint-plugin-import"
"es6","1","eslint-plugin-import"
"jsnext","1","eslint-plugin-import"
"import","1","eslint-plugin-import"
"export","1","eslint-plugin-import"
"formidable","1","multiparty"
"nodemailer","1","nodemailer-express-handlebars"
"express-handlebars","1","nodemailer-express-handlebars"
"kakao","1","passport-kakao"
"kakaotalk","1","passport-kakao"
"oauth2","1","passport-kakao"
"prisma","1","prisma-class-generator"
"merge","1","deepmerge"
"deep","1","deepmerge"
"extend","1","deepmerge"
"copy","1","deepmerge"
"clone","1","deepmerge"
"diff","1","jsondiffpatch"
"patch","1","jsondiffpatch"
"stdlib","1","lodash"
"placeholders","1","placeholder"
"fake images","1","placeholder"
"dummy","1","placeholder"
"base64","1","plaiceholder"
"lqip","1","plaiceholder"
"plaiceholder","1","plaiceholder"
"react-channel","1","react-channel-plugin"
"react-channel-plugin","1","react-channel-plugin"
"channalio","1","react-channel-plugin"
"channal talk","1","react-channel-plugin"
"live chat","1","react-channel-plugin"
"customer-service","1","react-channel-plugin"
"debug","1","debug"
"log","1","debug"
"debugger","1","debug"
"error","1","http-errors"
"mnist","1","mnist"
"digits","1","mnist"
"text-editor","1","@mantine/rte"
"quilljs","1","@mantine/rte"
"iconfont","1","@tabler/icons"
"slick","1","@mantine/carousel"
"dragndrop","1","@mantine/dropzone"
"dropzone","1","@mantine/dropzone"
"Supabase","1","@supabase/ssr"
"SSR","1","@supabase/ssr"
"Server-Side","1","@supabase/ssr"
"Rendering","1","@supabase/ssr"
"Next","1","@supabase/ssr"
"Next.js","1","@supabase/ssr"
"NextJS","1","@supabase/ssr"
"Remix","1","@supabase/ssr"
"Svelte","1","@supabase/ssr"
"SvelteKit","1","@supabase/ssr"
"supabase","1","@supabase/supabase-js"
"slideshow","1","embla-carousel-react"
"gallery","1","embla-carousel-react"
"lightweight","1","embla-carousel-react"
"svelte","1","embla-carousel-react"
"solid","1","embla-carousel-react"
"bun","1","jose"
"cloudflare","1","jose"
"compact","1","jose"
"decode","1","jose"
"decrypt","1","jose"
"deno","1","jose"
"detached","1","jose"
"ec","1","jose"
"ecdsa","1","jose"
"eddsa","1","jose"
"edge","1","jose"
"electron","1","jose"
"embedded","1","jose"
"encrypt","1","jose"
"flattened","1","jose"
"general","1","jose"
"jose","1","jose"
"json web token","1","jose"
"jsonwebtoken","1","jose"
"jwa","1","jose"
"jwe","1","jose"
"jwk","1","jose"
"jwks","1","jose"
"jws","1","jose"
"jwt","1","jose"
"jwt-decode","1","jose"
"netlify","1","jose"
"oct","1","jose"
"okp","1","jose"
"payload","1","jose"
"pem","1","jose"
"pkcs8","1","jose"
"rsa","1","jose"
"secp256k1","1","jose"
"sign","1","jose"
"signature","1","jose"
"spki","1","jose"
"vercel","1","jose"
"verify","1","jose"
"webcrypto","1","jose"
"workerd","1","jose"
"x509","1","jose"
"cookies","1","js-cookie"
"amd","1","js-cookie"
"commonjs","1","js-cookie"
"js-cookie","1","js-cookie"
"browserify","1","js-cookie"
"code","1","qrcode"
"konva","1","react-konva"
"tailwindcss","1","tailwind-styled-components"
"tailwind","1","tailwind-styled-components"
"tailwindcss-plugin","1","tailwind-styled-components"
"tailwind-css","1","tailwind-styled-components"
"tailwindcss-ui","1","tailwind-styled-components"
"schema","1","zod"
"validation","1","zod"
"type","1","zod"
"inference","1","zod"
"email","1","@react-email/components"
"post","1","multer"
"multipart","1","multer"
"form-data","1","multer"
"formdata","1","multer"
"i18n","1","moment"
"l10n","1","moment"
"ender","1","moment"
"regression","1","regression"
"fiting","1","regression"
"modeling","1","regression"
"나눔고딕","1","@kfonts/nanum-gothic"
"NanumGothic","1","@kfonts/nanum-gothic"
"나눔명조","1","@kfonts/nanum-myeongjo"
"NanumMyeongjo","1","@kfonts/nanum-myeongjo"
"리디바탕","1","@kfonts/ridi-batang"
"RIDIBatang","1","@kfonts/ridi-batang"
"drag and drop","1","react-beautiful-dnd"
"dnd","1","react-beautiful-dnd"
"sortable","1","react-beautiful-dnd"
"reorder","1","react-beautiful-dnd"
"reorderable","1","react-beautiful-dnd"
"react.js","1","react-beautiful-dnd"
"natural","1","react-beautiful-dnd"
"beautiful","1","react-beautiful-dnd"
"react-router","1","react-router-transition"
"react-motion","1","react-router-transition"
"combobox","1","react-select"
"input","1","react-select"
"multiselect","1","react-select"
"select","1","react-select"
"hamburger","1","hamburger-react"
"burger","1","hamburger-react"
"menu","1","hamburger-react"
"toggle","1","hamburger-react"
"burger-menu","1","hamburger-react"
"hamburger-menu","1","hamburger-react"
"sidebar","1","hamburger-react"
"reactScrollEffects","1","react-animation-on-scroll"
"react scroll","1","react-animation-on-scroll"
"reactJS","1","react-animation-on-scroll"
"animate","1","react-animation-on-scroll"
"on","1","react-animation-on-scroll"
"reactAnimationOnScroll","1","react-animation-on-scroll"
"webcam","1","react-webcam"
"shallow rendering","1","enzyme"
"shallowRender","1","enzyme"
"test","1","enzyme"
"testing","1","enzyme"
"test utils","1","enzyme"
"assertion helpers","1","enzyme"
"tdd","1","enzyme"
"mocha","1","enzyme"
"preact","1","@mdx-js/loader"
"assemble","1","gray-matter"
"coffee","1","gray-matter"
"coffee-script","1","gray-matter"
"docs","1","gray-matter"
"extracting","1","gray-matter"
"front","1","gray-matter"
"front-matter","1","gray-matter"
"frontmatter","1","gray-matter"
"generate","1","gray-matter"
"gh-pages","1","gray-matter"
"gray","1","gray-matter"
"jekyll","1","gray-matter"
"js","1","gray-matter"
"matter","1","gray-matter"
"site","1","gray-matter"
"static","1","gray-matter"
"toml","1","gray-matter"
"yaml","1","gray-matter"
"yfm","1","gray-matter"
"highlight","1","highlight.js"
"comments","1","mdx"
"inline","1","mdx"
"mdxast","1","remark-images"
"prismjs","1","remark-prism"
"remarkjs","1","remark-prism"
"unwrap","1","remark-unwrap-images"
"content","1","unified"
"cst","1","unified"
"retext","1","unified"
"dataURL","1","downloadjs"
"blob","1","downloadjs"
"readable","1","from"
"easy","1","from"
"screenshot","1","html-to-image"
"capture","1","html-to-image"
"vector","1","html-to-image"
"scss","1","node-sass"
"style","1","node-sass"
"draggable","1","react-draggable"
"loader","1","sass-loader"
"utils","1","@fisch0920/use-dark-mode"
"lib","1","@fisch0920/use-dark-mode"
"dark-mode","1","@fisch0920/use-dark-mode"
"adapter","1","@keyvhq/redis"
"redis","1","@keyvhq/redis"
"storage","1","@keyvhq/redis"
"expiring","1","expiry-map"
"expiry","1","expiry-map"
"http2","1","got"
"get","1","got"
"got","1","got"
"uri","1","got"
"simple","1","got"
"net","1","got"
"network","1","got"
"gzip","1","got"
"brotli","1","got"
"requests","1","got"
"human-friendly","1","got"
"axios","1","got"
"superagent","1","got"
"node-fetch","1","got"
"ky","1","got"
"nextjs-plugin","1","next-api-og-image"
"next-middleware","1","next-api-og-image"
"next-api","1","next-api-og-image"
"resolved","1","p-map"
"wait","1","p-map"
"collection","1","p-map"
"iterable","1","p-map"
"iterator","1","p-map"
"race","1","p-map"
"fulfilled","1","p-map"
"concurrently","1","p-map"
"concurrency","1","p-map"
"memoize","1","p-memoize"
"mem","1","p-memoize"
"memoization","1","p-memoize"
"function","1","p-memoize"
"optimize","1","p-memoize"
"out","1","p-memoize"
"cancel","1","p-memoize"
"body.className","1","react-body-classname"
"title","1","react-body-classname"
"rss","1","rss"
"xml","1","rss"
"atom","1","rss"
"podcasts","1","rss"
"ghost","1","rss"
"feed","1","rss"
"feed builder","1","rss"
"rss feed","1","rss"
"csv","1","papaparse"
"delimited","1","papaparse"
"auto-detect","1","papaparse"
"comma","1","papaparse"
"tab","1","papaparse"
"pipe","1","papaparse"
"filereader","1","papaparse"
"worker","1","papaparse"
"thread","1","papaparse"
"threading","1","papaparse"
"multi-threaded","1","papaparse"
"jquery-plugin","1","papaparse"
"notifications","1","react-hot-toast"
"toast","1","react-hot-toast"
"snackbar","1","react-hot-toast"
"sentiment","1","sentiment"
"nlp","1","sentiment"
"sentiment analysis","1","sentiment"
"location","1","history"
"icon pack","1","ionicons"
"web component","1","ionicons"
"custom element","1","ionicons"
"ios","1","ionicons"
"background","1","workbox-background-sync"
"sync","1","workbox-background-sync"
"offline","1","workbox-google-analytics"
"range","1","workbox-range-requests"
"media","1","workbox-range-requests"
"readablestream","1","workbox-streams"
